OBJECTID,PCPC_NUM,GLOBALID,NAME,P_DIST,ST_EXT,PT_ADD,ZIP,SURVEY_YEAR,GLA,GLA_2003,GLA_1995,COMM_COUNT,COMM_COUNT_2003,COMM_COUNT_1995,OCC_COUNT,VAC_COUNT,VAC_RATE,VAC_RATE_2003,VAC_RATE_1995,CORRIDOR_TYPE,PHYS_CHAR,AGE,STAGE,STAGE_2003,STAGE_1995,COND_PUB,COND_PRIV,STORE_MIX,COND_SUM,COND_SUM_2003,COND_SUM_1995,CRM_ORG,SS_DIST,CDC_TAX_CREDIT,E_ZONES,FY12_MGMT,FY12_MGMT_AMOUNT,FY13_MGMT,FY13_MGMT_AMOUNT,FY14_MGMT,FY14_MGMT_AMOUNT,FY15_MGMT,FY15_MGMT_AMOUNT,FY16_MGMT,FY16_MGMT_AMOUNTS,FY12_CLEANING,FY12_CLEANING_AMOUNT,FY13_CLEANING,FY13_CLEANING_AMOUNT,FY14_CLEANING,FY14_CLEANING_AMOUNT,FY15_CLEANING,FY15_CLEANING_AMOUNT,FY11_SIP,FY11_SIP_TOTAL,FY12_SIP,FY12_SIP_TOTAL,FY13_SIP,FY13_SIP_TOTAL,FY14_SIP,FY14_SIP_TOTAL,FY15_SIP,FY15_SIP_TOTAL,FY14_IS,FY14_IS_AMOUNT,FY15_IS,FY15_IS_AMOUNT,FY08_11_SBP_CITY,FY08_11_SBP_TOTAL,FY12_15_SBP_CITY,FY12_15_SBP_TOTAL,FY16_19_SBP_CITY,FY16_19_SBP_TOTAL,FY08_11_PD,FY12_15_PD,FY16_19_PD,Shape__Area,Shape__Length
1,151,69c84823-37fa-4d2a-b8af-08a0ff7006eb,2nd and Fairmount,Central,I953rd/Laurel to Green,725 N. Second Street,19123,2012,"130,000",,"65,000",83,,54,68,15,18.10%,,63.00%,6,1,1860,4,,4,2,2,3,7,,11,,,,,,,,,,,,,,,,,,,,,,,,,,,,,,,,,,,,,,,,,,,,,,182959.94140625,1989.15710241836
2,152,d5cd06ce-0734-4f27-923e-7fd5e4da2865,2nd and Girard,Central,HowardLawrence/ThompsonLaurel,1100 N. Second Street,19123,2012,"270,000","103,662","75,000",124,65,67,95,29,23.40%,14.00%,35.80%,2,5,1890,2,4,1,2,2,1,5,8,9,Office of Business Services,,,,,,,,,,,,,,,,,,,,,,,,2,25900,1,2135,,,,,,,1,50000,,,,,,,,,,348399.4375,3265.15402421792
3,154,c46b6353-b607-44a6-bab7-e9890b5b5b83,6th and Germantown,Lower North,5th6th/SusquehannaBerks,2000 Germantown Avenue,19122,2012,"84,000","114,000",,16,33,,14,2,12.50%,15.20%,,2,3,1990,3,4,,3,2,3,8,10,,APM,,APM,"ASEZ, NCEZ",,,,,,,,,,,,,,,,,,,,,,,,,,,,,,,,,,,,,,,,,,65351.1015625,1445.68186618815
4,179,e4acb303-210d-474f-86af-218713963033,"Broad, Lehigh, & Glenwood",North,13th16th/TorontoYork,2701 N. Broad Street,19132,2016,"183,000","117,000",,49,21,,47,2,4.1%,23.80%,,2,5,1990,4,4,,2,3,3,8,4,,,,,,,,,,,,,,,,,,,,,,,,,,,,,,,,,,,,,,,,,,,,,,,457349.22265625,5353.32150209691
5,180,f8999bba-1c3e-49db-bdff-efd54dffec22,Germantown and Lehigh,Lower North,7th12th/CambriaCumberland,2649 Germantown Avenue,19133,2016,"255,000","308,000","215,000",141,196,148,94,47,33.3%,23.00%,18.90%,2,1,1900,4,3,1,2,3,2,7,8,7,The Village of Arts & Humanities,,Village,NCEZ (2500&2600 blocks only),,,,,,,TCMP & NCEZ,75000,TCMP & NCEZ,75000,Strategic Plan Cleaning Grant,30000,Corridor Cleaning Program,41000,Corridor Cleaning Program,35000,Corridor Cleaning Program,28500,2,17220,1,12000,1,8300,1,8300,,,,,,,,,,4428853.5,,,PCPC  Economic Dev Strategic Plan,,,214813.55078125,3906.47382484133
6,131,403e2d6b-25b0-480f-bf7e-435d2a4616ec,40th and Girard,West Park,UnionLeidy/ParksidePoplar,3962 W. Girard Avenue,19104,2017,"15,000","88,000","55,000",16,44,60,12,4,"25.0%
",55.00%,60.00%,1,1,1910,3,3,3,3,4,4,11,9,10,Office of Business  Services,,,,,,,,,,,,,,,,,,,,,,,,,,,,,,,,,,,,,,20000,40000,,,,,,90817.421875,1692.71849890255
7,141,b7a595cf-9abd-41dd-bbe0-27ac33ffcd0c,Fairmount/19th-25th,Central,19th25th/AspenWallace,2130 Fairmount Ave,19130,2012,"120,000","123,000","82,000",69,82,63,64,5,7.20%,6.10%,9.50%,2,1,1880,1,4,2,2,1,1,4,5,7,Fairmount CDC & Spring Garden CDC,,Fairmount CDC & Spring Garden CDC,,,,,,,,,,,,,,,,,,,,,,4,10172,2,3453,1,2261,2,20000,,,,,426092,426092,,,,,,,,184642.53515625,2973.47857767847
8,143,358173e9-1a3c-426f-b66c-50c6ac5b3ddd,Spring Garden/16th-23rd,Central,16th23rd/GreenButtonwood,1941 Spring Garden Street,19130,2012,"30,000","62,000","17,000",46,29,15,44,2,4.30%,14.70%,6.70%,1,1,1880,1,2,4,2,1,4,7,6,6,,,,,,,,,,,,,,,,,,,,,,,,,,,,,,,,,,,,,,,,,,,,,,393553.2109375,3176.41038857989
9,144,eb875789-9f55-4c54-a1d1-271ce3636ea9,Spring Garden/9th-13th ,Central,9th13th/GreenButtonwood,1201 Spring Garden Street,19123,2012,"65,000",,,51,,,36,15,29.40%,,,1,1,1880,4,,,3,3,4,10,,,,,,,,,,,,,,,,,,,,,,,,,,,,,,,,,,,,,,,,,,,,,,,,201020.625,1975.55458373844
10,147,85742dc5-9fcf-4fae-ad88-873350a06c96,Broad and Fairmount,Central,13th18th/BrownWallace,684 N. Broad Street,19130,2012,"120,000","155,584","55,000",54,77,35,32,22,40.70%,32.50%,25.70%,1,1,1880,3,3,4,3,3,4,10,10,11,,,,,,,,,,,,,,,,,,,,,,,,,,,,,,,,,,,,,,,,,,,,,,256103.859375,2923.81705339972
11,148,4ba78637-0d8a-4a52-af39-1f5cac294a40,Broad and Spring Garden,Central,13th16th/WallaceVine,511 N. Broad Street,19130,2012,"65,000",,"20,000",45,,19,37,8,17.80%,,5.00%,1,1,1920,4,,1,2,2,4,8,,7,,,,,,,,,,,,,,,,,,,,,,,,,,,,,,,,,,,,,,,,,,,,,,636140.4453125,3292.85886767066
12,149,9203ff5e-e07f-40a6-a69f-4efd35803cff,Callowhill East,Central,9th13th/ButtonwoodVine,1000 Ridge Avenue,19123,2012,"85,000",,,50,,,37,13,26.00%,,,1,5,1930,4,,,3,3,4,10,,,,,,,,,,,,,,,,,,,,,,,,,,,,,,,,,,,,,,,,,,,,,,,,360748.671875,2429.34480290249
13,150,8f748dbf-db94-4846-877e-72557c67b795,Spring Garden/2nd-9th,Central,2nd9th/GreenVine,501 Spring Garden Street,19123,2012,"60,000",,"25,000",36,,16,35,1,2.80%,,12.50%,2,2,1960,2,,4,2,2,2,6,,6,,,,,,,,,,,,,,,,,,,,,,,,,,,,,,,,,,,,,,,,,,,,,,760408.453125,3699.60504513569
14,181,13c67e1c-28fc-4858-8188-384925f7d6cf,5th and Lehigh,Lower North,4th6th/Clearfield/Huntingdon,2844 N. 5th Street,19133,2016,"165,000","239,000","180,000",147,176,123,115,32,21.8%,25.00%,19.50%,2,1,1910,3,1,1,2,3,2,7,8,9,HACE,,HACE,,TCMP,75000,TCMP,75000,TCMP,75000,TCMP,75000,TCMP,75000,Corridor Cleaning Program,52800,Corridor Cleaning Program,45000,Corridor Cleaning Program,40000,Corridor Cleaning Program,50000,,,1,8000,1,12000,1,12000,,,,,,,833027,3810527,,,,,,,,180054.62890625,3020.2761094114
15,183,e455ef9f-2cdb-4d46-8d0c-a64a3902205c,2nd and Lehigh,Lower North,Mutter4th/CambriaHuntingdon,217 W. Lehigh Avenue,19133,2016,"80,000","122,000","35,000",31,45,12,28,3,9.70%,11.10%,16.70%,2,2,1960,4,4,2,3,2,1,6,6,7,,,,,,,,,,,,,,,,,,,,,,,,,,,,,,,,,,,,,,,,,,,,,,159328.23828125,1970.50383623855
16,2,3cd58edd-6b90-4c97-b78c-80212e81df94,Parkway/Logan Circle,Central,Broad22nd/VineArch,1714 Cherry Street,19103,2012,"85,000",,"45,000",60,,32,52,8,13.30%,,0.00%,2,1,1960,1,,4,1,1,3,5,,7,,,,,,,,,,,,,,,,,,,,,,,,,,,,,,,,,,,,,,,,,,,,,,770652.80078125,4007.60792945571
17,20,3c05ae70-5213-43d3-b8df-f297a270f9e0,South 4th Street ,Central,S 4th/BainbridgeQueen,741 S. 4th Street,19147,2012,"120,000",,"105,000",76,,88,62,14,18.40%,,18.20%,6,1,1820,3,,1,2,3,2,7,,6,,,,,,,,,,,,,,,,,,,,,,,,,,,,,,,,,,,,,,,,,,,,,,41363.109375,1114.18489471001
18,21,cd90fcd7-24d3-4ba2-8d77-16794a8e3e19,9th Street - Italian Market,South,7th12th/CatharineWharton,901 Washington Ave,19147,2012,"500,000","454,013","221,000",334,292,263,288,46,13.80%,16.10%,26.20%,6,5,1890,1,1,3,2,3,2,7,8,10,South 9th Street Business Association,,,,,,,,,,,,,,,,,,,,,,,,,,1,4300,,,1,2100,,,,,,,,,,,,,,862686.5,3747.13390312551
19,210,b2decc85-b5e3-44a5-a92b-abdd4c555fd2,Wissahickon,Lower NW,LincolnMarkle/MainLauriston,3720 Main Street,19127,2013,"174,000",,,38,,,29,9,23.70%,,,2,5,1970,3,,,1,3,3,7,,,,,,,,,,,,,,,,,,,,,,,,,,,,,,,,,,,,,,,,,,,,,,,,236747.234375,4293.433204354
20,216,f2f8b8be-f1bc-41c1-b0aa-41b88733926d,Andorra Shopping Center,Lower NW,Port Royal-Cathedral/Henry-Ridge,8301 Henry Avenue,19128,2013,"300,000","307,000","250,000",43,48,44,40,3,7.00%,17.00%,9.10%,3,3,1960,1,1,3,2,1,1,4,7,5,,,,,,,,,,,,,,,,,,,,,,,,,,,,,,,,,,,,,,,,,,,,,,237077.171875,3084.04988269701
21,23,4e35112f-100b-4944-956e-0d42beec9dfe,6th and Washington,South,5th7th/CarpenterFederal,600 Washington Ave,19147,2014,"95,000",,"25,000",57,40,1,53,4,7.00%,18.00%,0.00%,2,5,1970,4,4,1,2,2,2,6,4,7,,,,,,,,,,,,,,,,,,,,,,,,,,,,,,,,,,,,,,,,,,,,,,142519.03515625,1519.72573684215
22,230,02bb8546-6e41-40c3-96d7-d76b1e876ad5,East Falls,Lower NW,Scotts LaneMerrick/KellyWarden,4201 Ridge Avenue,19129,2014,"153,000",,"35,000",60,,32,39,21,35.00%,,12.50%,2,5,1870,4,,4,1,2,2,5,,6,East Falls Development Corporation,,East Falls Development Corporation,,,,,,,,,,,,,,,,,,,,,,4,34505,1,12000,,,1,12000,,,,,,,493919,1615000,,,,,,218086.671875,4034.97212074305
23,24,b983945c-7659-4639-84ba-bd7669a19a70,Central Waterfront/Washington,Central,Delaware River3rd/CatharineTasker,1100 S. Front Street,19147,2012,"300,000","251,636","155,000",81,35,23,69,12,14.80%,8.60%,4.30%,3,5,1980,1,1,1,1,1,4,6,4,3,,,,,,,,,,,,,,,,,,,,,,,,,,,,,,,,,,,,,,,,,,,,,,2217277.46484375,6456.6050542032
24,28,a4e0f76f-a387-459f-96f4-9aa050d85fd1,Snyder Plaza and Columbus Commons,South,Delaware AvenueI95/MoorePorter,14 E. Snyder Avenue,19148,2011,"964,000","449,000","284,000",51,36,25,48,3,5.90%,5.60%,20.00%,3,2,1980,1,4,2,1,1,1,3,5,3,,,,,,,,,,,,,,,,,,,,,,,,,,,,,,,,,,,,,,,,,,,,,,662570.21875,5302.23727146272
25,289,7d1ec9fa-3b14-4006-b844-22f72994f8a6,Harbison and Torresdale ,Lower NE,AMTRAKMarsden/FraleyBridge,5235 Harbison Ave,19124,2012,"40,000","74,413","35,000",21,44,20,19,2,9.50%,20.40%,10.00%,1,2,1930,1,1,1,2,3,3,8,8,8,,,,,,,,,,,,,,,,,,,,,,,,,,,,,,,,,,,,,,,,,,,,,,80104.27734375,2012.35846685045
26,3,f5362b49-e17f-4a2b-90cb-3b66254a036e,Market East,Central,6thBroad/ArchSpruce,34 S. 11th Street,19107,2012,"2,550,000",,"3,420,000",941,,1149,820,121,12.90%,,16.40%,5,1,1870,4,,4,1,1,3,5,,5,Office of Business Services/Center City District,CCD,CPDC,,,,,,,,,,,,,,,,,,,,6,66500,1,12000,,,,,,,,,,,,,,,,,,,,1590533.35546875,5342.25504282872
27,30,01a804fa-1018-4cda-9829-9c2acdbcc814,Whitman Plaza and vicinity,South,Oregon Ave/I955th,300 Oregon Avenue,19148,2014,"574,000","573,800","435,000",91,66,68,80,11,12.10%,3.00%,4.40%,3,5,1960,1,1,1,2,2,1,5,5,5,,,,,,,,,,,,,,,,,,,,,,,,,,,,,,,,,,,,,,,,,,,,,,419530.66015625,3475.03670727818
28,308,ef115c75-88ed-4864-b788-8356a8dcd968,Five Points,Central NE,WhitakerHasbrook/WatsonPrinceton,7275 Rising Sun Ave,19111,2012,"275,000","264,000","180,000",135,110,103,115,20,14.80%,10.90%,10.70%,2,5,1920,1,4,2,2,2,1,5,5,5,,,,,,,,,,,,,,,,,,,,,,,,,,,,,,,,,,,,,,,,,,,,,,400259.19140625,5617.05423447747
29,155,548e05ce-7488-417a-971a-9d713c2db074,Broad and Girard,Lower North,10th16th/MasterBrown,935 N. Broad Street,19123,2012,"287,000","270,000","60,000",110,82,60,95,15,13.60%,15.90%,18.30%,2,5,1870,4,4,4,3,3,2,8,9,8,Office of Business Services,,,NCEZ,,,,,,,,,,,,,,,,,,,,,,,,,,,,,,,,,,,,,,,,,,368932.609375,4328.17523410984
30,156,e3f5a4f8-cdca-4c39-aa29-0bfae101ef29,Girard and Ridge,Lower North,15th20th/ThompsonBrown,1800 W. Girard Avenue,19130,2012,"72,000","65,000","120,000",49,39,74,30,19,38.80%,33.30%,66.20%,1,1,1860,3,3,3,4,4,4,12,12,12,Francisville CDC,,,,,,,,,,,,,,,,Corridor Cleaning Program,40000,Corridor Cleaning Program,40000,Corridor Cleaning Program (NTI),40000,1,12000,,,2,23355,2,23355,2,11997,,,,,,,,,,,,People for People JBJ Soul Homes,,164726.90625,3502.34238131095
31,126,852d168d-7e15-4759-8a9d-89cca94a6ef4,City Avenue/50th-52nd,West Park,City Ave/50th52nd,5040 City Avenue,19131,2011,"45,000","37,000","50,000",30,17,22,26,4,13.30%,0.00%,0.00%,1,2,1950,1,4,1,3,2,2,7,5,6,,,,,,,,,,,,,,,,,,,,,,,,,,,,,,,,,,,,,,,,,,,,,,57329.28515625,1451.0301730066
32,127,1877dca1-e98a-40c3-900c-cb675da01feb,City Ave and Belmont vicinity,West Park,City Ave/PresidentialConshohocken,4400 City Avenue,19131,2011,"600,000","420,000","390,000",68,60,58,62,6,8.80%,3.30%,0.00%,4,2,1950,1,1,1,2,1,1,4,4,4,City Ave District,City Ave District,,,,,,,,,,,,,,,,,,,,,,,,,,,,,,,,,,,,,20000,20000,,,,,,486828.81640625,6420.96895245777
33,128,7cb999f1-3ae3-41fa-a7b0-9930f49e44a6,Pathmark Super Center,West Park,Monument Rd and Conshohocken Ave,4160 Monument Road,19131,2011,"60,000","60,000","60,000",10,10,10,8,2,20.00%,0.00%,0.00%,2,2,1980,1,1,1,2,2,2,6,5,4,,,,,,,,,,,,,,,,,,,,,,,,,,,,,,,,,,,,,,,,,,,,,,55979.10546875,989.56680557017
34,129,4705f31f-aea0-49f3-9603-eaa98272ea3a,Wynnefield Heights,West Park,"Ford and Cranston, and Conshohocken and Country Club  ",3967 Ford Road,19131,2011,"20,000","10,000","10,000",18,9,9,13,5,27.80%,0.00%,11.10%,1,5,1960,1,3,3,3,2,2,7,10,11,,,,,,,,,,,,,,,,,,,,,,,,,,,,,,,,,,,,,,,,,,,,,,14051.57421875,680.541042362857
35,86,ef63e076-deae-41f3-b1a5-afa38159dc84,36th Street and vicinity,University SW,32nd39th/FilbertSpruce,3600 Chestnut Street,19104,2012,"275,000","228,000","140,000",104,93,67,98,6,5.80%,7.50%,6.30%,2,1,1920,2,2,4,1,1,2,4,6,4,,,,,,,,,,,,,,,,,,,,,,,,,,,,,,,,,,,,,,,,,,,,,,1248314.31640625,4899.45649674091
36,87,9dcca0d6-231e-45f4-ab27-0c43153d200e,40th Street and vicinity,University SW,39th42st/FilbertSpruce,4001 Walnut Street,19104,2012,"278,000","498,000","285,000",119,153,156,108,11,9.20%,12.00%,19.20%,3,1,1920,4,2,1,1,2,1,4,6,7,University City District,UCD,UCD & Partnership,,,,,,,,,,,,,,,,,,,,,,1,12000,1,4063,,,2,11303,,,,,2000000,4000000,,,,,,,,634954.6640625,3281.92560892198
37,134,c91a8615-2b6c-43d8-b1a9-9760ba6d9833,40th and Lancaster,West,Lancaster/Hamilton44th,4061 Lancaster Avenue,19104,2017,"290,000","446,000","240,000",203,267,244,139,57,"25.1%
",39.00%,24.60%,2,1,1910,3,3,1,2,3,3,8,10,8,People's Emergency Center CDC,,PEC-CDC,,TCMP,75000,TCMP,75000,TCMP,75000,TCMP,75000,TCMP,75000,Corridor Cleaning Program,37200,Corridor Cleaning Program,35000,Corridor Cleaning Program,30000,Corridor Cleaning Program,30000,4,18803,3,18779,,,,,,,,,,,1566800,1566800,,,,,,PEC 3859-61 Lancaster Avenue,PEC 3945-49 Lancaster Ave,328056.89453125,4134.43069582281
38,31,c031988c-84ee-4320-bdba-d049a2f6c830,Oregon Ave/5th-13th,South,Oregon Ave/5th13th ,2664 S. Percy Street,19148,2011,"45,000","45,000","46,000",62,63,64,58,4,6.50%,5.50%,4.70%,1,1,1920,1,1,1,2,2,2,6,7,7,Office of Business Services,,,,,,,,,,,,,,,,,,,,,,,,,,,,,,,,,,,,,,,,,,,,,208354.69921875,3129.06340973816
39,310,3caebeca-52c4-4462-b263-5baea75fcf07,Fox Chase,Central NE,RockwellFillmore/DaltonHartel,7980 Oxford Ave,19111,2012,"100,000","122,000","120,000",64,62,61,61,3,4.70%,0.00%,4.90%,2,5,1920,1,1,1,2,1,2,5,7,6,Office of Business  Services,,,,,,,,,,,,,,,,,,,,,,,,2,17300,,,1,5300,,,,,,,,,246000,1146000,,,,,,200254.53125,2996.22306042394
40,324,5d755646-b45d-4a48-9dbb-8536c1a1beff,Cottman and the Boulevard,Central NE,BoulevardLoretto/OakmontSt. Vincent,2201Cottman Ave,19152,2012,"1,600,000","1,295,000","1,245,000",209,231,233,175,34,16.30%,6.50%,9.40%,4,5,1950,1,1,1,2,2,1,5,5,4,Office of Business  Services,,,,,,,,,,,,,,,,,,,,,,,,,,,,,,,,,,,,,,,,,,,,,924764.40234375,6264.66957019099
41,328,b29b0b20-91b4-4721-bf58-4e8923865618,Roosevelt/Cottman-Tyson,N Delaware,BrousBoulevard/TeesdaleTyson,7201 Roosevelt Blvd,19149,2012,"254,000","287,000","235,000",62,64,46,57,5,8.10%,6.30%,0.00%,3,5,1950,1,4,1,2,2,1,5,5,4,,,,,,,,,,,,,,,,,,,,,,,,,,,,,,,,,,,,,,,,,,,,,,192583.1875,2840.62978531103
42,4,5969c6f3-2a4a-4960-b423-4217ca97b9fe,Callowhill West,Central,16th to 22nd/Buttonwood to Vine,1901 Callowhill Street,19130,2012,"130,000",,"35,000",42,,14,37,5,11.90%,,7.00%,2,5,1980,4,,4,2,1,2,5,,4,,,,,,,,,,,,,,,,,,,,,,,,,,,,,,,,,,,,,,,,,,,,,,606749.9296875,3315.31917486278
43,5,945f2348-8a5a-4cae-b75a-484c198cef72,Chinatown,Central,8th11th/VineArch,132 N. 10th Street,19107,2012,"450,000","522,948","315,000",220,257,172,199,21,9.50%,7.80%,13.30%,6,1,1890,2,4,2,2,2,1,5,6,5,Philadelphia Chinatown Development Corp.,,CPDC,,Main Street Program,50000,Main Street Program,50000,Main Street Program,50000,,,,,Corridor Cleaning Program,59538,Corridor Cleaning Program,56000,Corridor Cleaning Program,56000,Corridor Cleaning Program,56000,1,2500,3,22520,4,33900,4,33900,1,7800,,,1,50000,,,2739750,5623416.667,,,Eastern Tower Development Planning,,Eastern Tower ,253374.25,2011.46456438869
44,51,273d0c2c-7146-4d60-890d-015da171bcba,Broad and Washington,South,12th16th/CatharineWharton,1001 S. Broad Street,19147,2012,"330,000","364,618","80,000",94,103,14,65,29,30.90%,12.60%,14.30%,2,5,1900,4,4,4,3,3,3,9,8,s,,,,,,,,,,,,,,,,,,,,,,,,,,,,,,,,,,,,,,,,,,,,,,771889.75,3537.09868836507
45,54,e939de5b-7a7a-420d-939b-8dce503a67f1,South Street/16th-21st,Central,16th21st/LombardBainbridge,1743 South Street,19146,2012,"60,000","65,064","50,000",57,68,67,49,8,14.00%,29.40%,28.00%,1,1,1840,4,4,4,1,2,2,5,6,7,"SOSNA, South St West BA",,SOSNA,,,,,,,,,,,,,,,,,,,,2,16000,5,34913,3,22000,1,6522,3,25572,1,29700,1,49874,,,,,,,,,,256366.625,2405.26755041259
46,55,0683adc6-f241-40c7-870d-22550c6ebd65,South and Grays Ferry,Central,21st to 25th/PineFitzwater,2229 Grays Ferry Avenue,19146,2012,"90,000","69,200","40,000",53,41,34,42,11,20.80%,15.00%,41.20%,2,1,1840,2,4,1,1,2,1,4,5,6,,,,,,,,,,,,,,,,,,,,,,,,,,,,,,,,,,,,,,,,,,,,,,165624.16015625,2207.86011300399
47,6,1f9f7c8b-befd-4f5c-8378-e3955f19d9ba,Old City,Central,Front6th/VineLocust,255 Market Street,19106,2012,"615,000",,"600,000",395,,385,323,72,18.20%,,19.70%,6,1,1800,1,,1,1,2,2,5,,5,Old City District,Old City Special Services District,,,,,,,,,,,,,,,,,,,,,,,4,38715,1,15000,1,700,12,86758,,,,,,,884750,1001416.667,,,,,,1390648.18359375,4951.39511962193
48,66,d95185d4-9b5a-4246-8e70-c1a56a10d4bb,Woodland Avenue,Lower SW,Woodland/58th68th,6200 Woodland Avenue,19142,2015,"375,000","365,000","325,000",228,188,171,186,42,18.40%,13.30%,9.40%,3,5,1920,4,4,1,2,3,2,7,7,6,SWCDC,,SWCDC,,TCMP,75000,,,,,TCMP,75000,TCMP,75000,,,Corridor Cleaning Program,36000,Corridor Cleaning Program,18000,Corridor Cleaning Program,35000,,,12,55426,1,7500,2,9150,1,4159,,,,,400000,400000,,,,,,,,345744.921875,5402.95501848668
49,68,6ae0ccb3-79e0-48ff-9c67-474f4b736b12,Chester Avenue,University SW,Chester/54th58th,5500 Chester Avenue,19143,2012,"100,000","137,000","113,000",66,92,75,41,25,37.90%,35.90%,41.30%,2,1,1910,3,1,3,3,4,2,9,9,9,"Office of Business  Services, ACANA",,,,,,,,,,,,,,,,,,,,Corridor Cleaning Program,35000,,,,,,,,,,,,,,,,,,,,,,,,85124.6484375,2299.30149906873
50,8,6b36af7f-f921-4e8b-b1f7-da79bd5ce47e,23rd and Walnut,Central,22ndSchuylkill River/ChestnutSpruce,2301 Walnut Street,19103,2012,"63,000",,,19,,,16,3,15.80%,,,1,5,1900,1,,,2,2,2,6,,,,,,,,,,,,,,,,,,,,,,,,,,,,,,,,,,,,,,,,,,,,,,,,215215.53515625,1908.03994941385
51,84,cfa2e8b8-1a60-4bf6-8098-bf4f37f4b892,30th Street,University SW,Schuylkill River32nd/ArchWalnut,3000 Market Street,19104,2012,"65,000","55,000","65,000",48,43,36,42,6,12.50%,12.00%,44.40%,6,1,1930,4,4,4,1,1,2,4,3,6,,,,,,,,,,,,,,,,,,,,,,,,,,,,,,,,,,,,,,,,,,,,,,460104.9609375,3059.1724107853
52,158,a2fb667e-0a8f-4f58-a673-6a64495b0b17,Broad and Cecil B. Moore,Lower North,13th18th/NorrisMaster,1600 N. Broad Street,19121,2012,"200,000","140,000","135,000",102,70,117,94,8,7.80%,42.90%,56.40%,2,5,1870,4,3,3,2,2,2,6,11,10,Beech,,Beech Interplex,NCEZ,,,,,,,NCEZ,75000,tbd,,,,,,,,,,,,,,,,,,,,,,,,204600,204600,,,,,Beech Int'l Village,,,565224.44140625,4499.13393077419
53,159,f11d2643-c509-4a99-942b-fbceb057dc71,Ridge and Cecil B. Moore,Lower North,21st25th/MontgomeryJefferson,2201 Ridge Avenue,19121,2012,"152,000","187,000","150,000",122,159,143,64,58,47.50%,37.70%,52.40%,2,1,1870,3,4,3,3,4,4,11,10,10,"Office of Business Services, PHACDC?",,Project HOME,"NCEZ (2127-2300 Ridge, 1900-2300 CBM only)",,,,,,,,,,,,,,,,,,,,,,,,,,,,,,,,,871125,871125,,,,,,,,115549.08984375,2872.18850433626
54,16,5014bb4a-c020-4d9b-afdb-814d774fbd8e,Central Waterfront/Penns Landing,Central,Delaware RiverI95/RaceCatharine,201 S. Columbus Blvd,19106,2012,"40,000",,"20,000",9,,8,7,2,22.20%,,0.00%,6,5,1980,4,,4,1,2,2,5,,5,,,,,,,,,,,,,,,,,,,,,,,,,,,,,,,,,,,,,,,,,,,,,,2035361.64453125,7167.00100014129
55,161,2c456c5f-ec94-45fd-976a-b7de2e274dc2,Broad and Susquehanna,Lower North,13th18th/YorkNorris,2200 N. Broad Street,19132,2012,"146,000","175,000","115,000",103,148,116,71,32,31.10%,39.90%,35.30%,2,1,1880,3,3,3,3,4,3,10,9,9,Office of Business  Services,,,,,,,,,,,,,,,,,,,,,,,,1,1230,,,,,,,,,,,,,,,,,,,,231289.94140625,3729.88468662885
56,170,d57336fc-9024-42ee-add2-9f709ee924f8,N 22nd Street/Hope Plaza,North,21st23rd/AlleghenyLehigh,2901 N. 22nd Street,19132,2016,"232,000","230,000","210,000",145,150,148,119,26,17.9%,16.70%,10.80%,2,5,1970,1,4,4,2,2,2,6,5,6,Allegheny West Foundation,,AWF,,TCMP,75000,TCMP,75000,TCMP,75000,TCMP,75000,TCMP,75000,,,,,,,Corridor Cleaning Program,30000,1,1733,1,11944,1,12000,,,,,,,,,1049267,1049267,274818,274818,2096664,2096664,,New Courtland,AWF 2850-52 N. 22nd St.,357367.71875,4867.626316254
57,171,662c6954-9a83-4cfc-8ac8-c3549310a2aa,Hunting Park West,North,Hunting Park-Roberts/CHW-Henry,3450 Fox Street,19129,2016,"325,000",0,0,28,,,28,0,0.0%,,,2,2,2000,4,,,2,2,1,5,,,,,,,,,,,,,,,,,,,,,,,,,,,,,,,,,,,,,,,,,,,,,,,,633989.3828125,6160.70185684036
58,35,b8d211e2-dcee-4d7a-bd7b-16115c272333,Broad and Snyder,South,Juniper17th/McClellanWolf,2000 S. Broad Street,19148,2014,"325,000","229,000","173,000",162,171,101,149,13,8.00%,5.00%,6.90%,3,5,1890,1,4,1,2,3,3,8,8,5,"Office of Business  Services, Newbold CDC",,,,,,,,,,,,,,,,,,,,Corridor Cleaning Program,25000,,,,,1,4400,,,2,20456,,,,,,,,,,,,,,215068.78515625,3295.77103089139
59,26,c1aa4ce4-85ac-4360-ae08-043b0c45bbfd,Pennsport Mall/South Second,South,2ndMoyamensing/TaskerMifflin,238 Moore Street,19148,2014,"56,000","113,000","50,000",49,73,53,36,13,26.50%,18.00%,20.80%,1,5,1980,3,1,1,2,2,3,7,6,7,,,,,,,,,,,,,,,,,,,,,,,,,,,,,,,,,,,,,,,,,,,,,,121162.5234375,1536.35796358963
60,206,9dd15fa6-3941-4204-a9b7-0576bdb1b5f0,Aramingo Avenue,River Wards,CONRAILWestmoreland/SepvivaRichmond,3699 Aramingo Avenue,19134,2014,"1,600,000","1,200,000","590,000",150,142,108,136,14,9.30%,6.30%,13.90%,3,5,1960,4,4,1,2,2,1,5,5,6,Impact CDC,Aramingo Ave Shopping District,Impact CDC,,,,,,,,,,,,,,,,,,,,,,,,,,,,,,,,,,,,,,,,,,,1215219.234375,8629.22946694265
61,201,1cd6872a-a21e-473d-ad8c-54771ebd9b44,Erie Torresdale,North,AdamsI/LuzerneSedgley,1501 E. Erie Avenue,19124,2016,"300,000","420,000","195,000",73,84,60,67,6,8.20%,13.80%,10.0%,2,2,1960,1,4,4,2,3,3,8,7,7,,,,,,,,,,,,,,,,,,,,,,,,,,,,,,,,,,,,,,,,,,,,,,647647.88671875,6816.07336117043
62,1,7641fd8c-8205-46ec-9910-ab7a87b3b371,Market West,Central,Broad22nd/ArchSpruce,1701 Chestnut Street,19103,2012,"2,470,000",,"2,420,000",961,,1123,877,84,8.70%,,15.90%,4,1,1880,1,,4,1,1,2,4,,4,,,,,,,,,,,,,,,,,,,,,,,,,,,,,,,,,,,,,,,,,,,,,,1646081.3984375,5342.52104445928
63,10,614d63b2-6457-439a-afbf-f637f91e72c1,South Street/Front-8th,Central,Front8th/PineBainbridge,327 South Street,19147,2012,"445,000",,"398,000",422,,341,350,72,17.10%,,10.60%,6,1,1890,1,,1,1,2,1,4,,4,South Street Headhouse District,South Street Headhouse District,,,,,,,,,,,,,,,,,,,,,2,8073,4,28728,7,29489,4,12228,5,32526,,,,,3193703,23910406,794475,2094475,1450000,1450000,,,,445410.9140625,3856.37932546376
64,11,82e92cc2-8ec7-418d-bcf0-ad55a73a10d7,South Street/8th-12th,Central,8th12th/LombardBainbridge,1001 South Street,19147,2012,"115,000","57,015","99,000",63,31,58,54,9,14.30%,12.90%,32.60%,2,1,1910,2,1,1,2,1,1,4,5,6,,,,,,,,,,,,,,,,,,,,,,,,,,,,,,,,,,,,,,,,,,,,,,196698.6796875,1974.023287641
65,133,369635a7-1551-4451-8124-f5df2201f8b2,48th and Brown,West,47th49th/ParrishAspen,801 N. 48th Street,19139,2017,"15,000","58,000","45,000",3,15,2,3,0,0.00%,53.00%,0.00%,1,3,1960,4,3,1,1,2,4,7,11,8,,,,,,,,,,,,,,,,,,,,,,,,,,,,,,,,,,,,,,,,,,,,,,38346.4921875,1028.88346303696
66,14,3380e456-e59e-481d-be21-274f0a812375,Central Waterfront/Spring Garden,Central,Delaware RiverI95/ColumbiaRace,608 N. Delaware Ave,19123,2012,"275,000",,"175,000",38,,27,24,14,36.80%,,18.50%,6,5,1980,4,,4,3,2,2,7,,9,,,,,,,,,,,,,,,,,,,,,,,,,,,,,,,,,,,,,,,,,,,,,,2126618.10546875,6173.25691450688
67,115,d010638c-5805-4e43-9788-5fa545761b9e,Park West Town Center,West Park,ParksideAmtrak/50th52nd,1575 N. 52nd Street,19131,2017,"335,000",,,20,0,0,19,1,5.0%,,,3,3,200,1,,,1,1,1,3,,,Office of Business  Services,,,WPEZ,,,,,,,,,,,,,,,,,,,,,,,,,,,2,36000,,,,,,,,,,,,,,381691.8359375,2504.48599624872
68,116,77ed304c-88a1-48a9-843d-206523e67374,Progress Haddington Plaza,West,55th57th/HaverfordVine,"5601 Vine Street

e Stre5601 Vine Street
et",19139,2017,"80,000","84,000","50,000",15,14,11,12,3,"20.0%
",7.10%,0.00%,2,3,1980,1,1,1,3,2,2,7,7,7,,,,,,,,,,,,,,,,,,,,,,,,,,,,,,,,,,,,,,,,,,,,,,91202.6953125,1436.24375928526
69,118,2e2c553c-a910-41be-8773-cb7ed15766c1,North 52nd Street,West Park,N 52nd/ LancasterPoplar,1300 N. 52nd Street,19131,2017,"150,000","234,000","120,000",111,169,128,97,14,"12.6%
",42.60%,33.60%,2,5,1910,1,3,3,3,3,3,8,10,10,West Phila Financial Services Institution,,,WPEZ,,,,,,,,,,,,,,,,,,,,,,,1,12000,,,,,,,,,,,,,300000,300000,,,,350441.28515625,5220.66518127531
70,119,89d66646-fc1f-46a5-8895-45cb33cf5749,Lansdowne Avenue,West,Lansdowne/59th63rd,6014 Lansdowne Avenue,19151,2017,"90,000","127,000","95,000",82,91,75,52,30,36.6%,20.90%,24.00%,1,1,1910,3,3,1,2,4,3,9,7,7,Office of Business  Services,,,,,,,,,,,,,,,,,,,,,,13,108787,2,16000,1,7388,2,14588,1,7200,,,,,1905489,1905489,,,,,,,,88758.76171875,2075.365145368
71,120,cec08562-7029-44c3-b447-e56fec5e6d8e,54006000 Lancaster Ave,West,Lancaster/54th61st,5648 Lancaster Avenue,19131,2017,"80,000","70,000","25,000",42,41,20,35,7,16.7%,39.00%,20.00%,2,5,1930,4,4,3,2,2,2,6,9,9,Office of Business Services,,,WPEZ (5300 block only),,,,,,,,,,,,,,,,,,,,,,,,,,,,,,,,,1843200,1843200,,,,,,,,167561.546875,3871.16489621276
72,121,b77275b7-182b-4861-a425-d8799b485537,Lancaster and Girard,West Park,Lancaster/44th50th,4825 Lancaster Avenue,19131,2017,"70,000","40,000","20,000",56,20,10,45,11,"19.6%
",20.00%,20.00%,1,5,1920,2,4,3,3,4,3,10,10,9,Office of Business  Services,,,WPEZ,,,,,,,,,,,,,,,,,,,1,12000,,,,,,,,,,,,,900000,1900000,,,,,,,,273458.859375,3548.80808930482
73,122,41410f0e-744d-4b40-a848-45024fa3c7de,63rd and Lancaster,West Park,61st63rd/SherwoodLebanon,"1923 North 63rd Street
",19151,2017,"80,000","103,000","79,000",34,51,52,32,4,11.8%,23.50%,8.20%,1,5,1920,1,1,1,2,2,3,7,6,6,City Ave District,,,,,,,,,,,,,,,,,,,,,,2,15408,,,1,11445,,,,,,,,,,,500000,1000000,,,,,,221627.08203125,2951.72279137931
74,123,e2188629-2d7b-4315-8855-a1b7b6ddb95f,54th and Berks,West Park,N 54th/LebanonHazelhurst,1901 N. 54th Street,19131,2011,"40,000","40,000","30,000",45,44,30,32,13,28.90%,18.20%,10.00%,1,1,1920,3,3,1,3,4,3,10,9,9,Wynnefield Overbrook Revit Corp,,WORC,,,,,,,,,,,,,,,,,,,,,,,,,,,,,,,,,,,,125000,125000,,,,,,34441.9609375,1395.45907273225
75,124,b766ef00-1667-4eab-b830-bbaa69d8701e,Bryn Mawr and Wynnefield,West Park,Bryn Mawr/NevadaGainor,5026 Wynnefield Avenue,19131,2011,"28,000","28,000","25,000",10,10,10,9,1,10.00%,10.00%,0.00%,1,5,1950,1,1,1,2,3,3,8,7,7,,,,,,,,,,,,,,,,,,,,,,,,,,,,,,,,,,,,,,,,,,,,,,30778.09375,875.700864565042
76,125,5931ad1b-1d0e-4ba0-84a7-bd03e9fea4ea,54th and City Avenue,West Park,54th/City AveOverbrook,2463 N. 54th Street,19066,2011,"50,000","24,000","50,000",25,12,29,22,3,12.00%,33.30%,17.20%,1,5,1950,1,4,1,1,2,4,7,8,7,,,,,,,,,,,,,,,,,,,,,,,,,,,,,,,,,,,,,,,,,,,,,,59583.55078125,1670.99150133044
77,41,59a057ba-0005-4f11-ade7-baaddb74e8eb,Penrose and Packer,Lower South,19th22nd/PollockHomestead,2016 Penrose Avenue,19145,2011,"28,000","28,000","28,000",11,9,7,10,1,9.10%,19.00%,28.60%,1,2,1970,1,3,1,3,2,4,9,10,10,,,,,,,,,,,,,,,,,,,,,,,,,,,,,,,,,,,,,,,,,,,,,,128942.640625,2138.69868446991
78,42,84f2d828-3700-4a06-96a9-49102facbbf0,Navy Yard,Lower South,League Island16th/I95Delaware River,5000 S. Broad Street ,19112,2011,"4,614",,,2,,,2,0,0.00%,,,1,5,2000,4,,,2,2,2,6,,,,,,,,,,,,,,,,,,,,,,,,,,,,,,,,,,,,,,,,,,,,,,,,1696549.484375,5259.34212870562
79,315,d1aa6669-d96a-45a4-b065-7b3615288b83,Bells Corner,Central NE,Bustleton/BergenHoffnagle,8300 Bustleton Ave,19152,2012,"55,000","60,000","60,000",29,36,36,20,9,31.00%,13.90%,13.90%,2,5,1950,3,,1,2,2,2,6,,6,,,,,,,,,,,,,,,,,,,,,,,,,,,,,,,,,,,,,,,,,,,,,,89024.92578125,1950.77111799725
80,316,36bea5ea-e441-4401-aff4-aa9d5fdd4c97,Pennypack Circle,Central NE,Boulevard/BensonHartel,8100 Roosevelt Blvd,19152,2012,"160,000","160,000","160,000",45,50,50,42,3,6.70%,10.00%,10.00%,2,5,1950,4,,1,2,2,1,5,,4,,,,,,,,,,,,,,,,,,,,,,,,,,,,,,,,,,,,,,,,,,,,,,264355.20703125,5222.75334085348
81,44,e9d26198-863d-45af-b1b3-d0c59524a087,West Oregon,South,Oregon/18th22nd ,1901 W. Oregon Avenue,19145,2014,"140,000","203,650","115,000",31,30,29,26,5,16.10%,6.70%,6.90%,2,5,1950,1,4,1,2,2,2,6,4,6,,,,,,,,,,,,,,,,,,,,,,,,,,,,,,,,,,,,,,,,,,,,,,129726.83203125,2101.1351212806
82,45,61a9e52c-d3d3-4df6-97ad-44c99cd9cce3,Quartermaster Plaza and vicinity,South,22nd25th/PassyunkI76,2300 W. Oregon Avenue,19145,2014,"913,000","454,450","424,000",81,62,49,72,9,11.10%,8.10%,8.20%,3,5,1950,1,1,1,2,2,1,5,6,6,,,,,,,,,,,,,,,,,,,,,,,,,,,,,,,,,,,,,,,,,,,,,,637761.3046875,3731.05858391585
83,72,f7a4dd61-3b96-4e7d-9e8e-bc6c0a5b1097,49th and Woodland,University SW,Woodland/46th50th,4800 Woodland Avenue,19143,2012,"40,000",,,43,,,24,19,44.20%,,,1,5,1900,4,,,4,4,3,11,,,University City District,UCD,UCD,,,,,,,,,,,,,,,,,,,,2,20509,1,8000,,,2,24000,,,,,2,95439,,,31000,31000,,,,,,74783.09765625,1913.3651191113
84,80,65cde1f9-4bc0-4f44-88ca-fb23dd53ff9a,58th and Baltimore,University SW,Baltimore/56th60th,5716 Baltimore Avenue,19143,2017,"55,000","59,000","55,000",20,29,18,19,1,5.00%,6.90%,16.70%,2,5,1950,1,4,1,2,2,2,6,6,6,,,,,,,,,,,,,,,,,,,,,,,,,,,,,,,,,,,,,,,,,,,,,,98257.56640625,1773.59354502756
85,81,9cecef42-5bd7-4831-916e-20a937cf2838,55th and Baltimore,University SW,Baltimore/54th56th,5500 Baltimore Avenue,19143,2017,"25,000","50,000","30,000",30,35,45,19,11,36.70%,40.00%,46.60%,1,1,1920,3,3,3,4,4,4,12,10,12,,,,,,,,,,,,,,,,,,,,,,,,,,,,,,,,,,,,,,,,,,,,,,78670.85546875,1535.52481605021
86,82,ac00efc3-7319-4e2c-9e94-f81edecdd361,50th and Baltimore,University SW,Baltimore/48th53rd,5000 Baltimore Avenue,19143,2017,"130,000","140,000","125,000",81,94,90,57,24,29.60%,33.00%,30.00%,2,1,1920,4,1,4,2,2,2,6,7,7,,,,,,,,,,,,,,,,,,,,,,,,,,,,,,,,,,,,,,,,,,,,,,219655.44921875,3149.28447295212
87,83,dbf574d1-564b-47bc-9a2e-d9cccf5b2ce3,46th and Baltimore,University SW,Baltimore/45th48th,4600 Baltimore Avenue,19143,2012,"70,000",,"40,000",58,,53,47,11,19.00%,,15.10%,1,1,1920,1,,1,1,2,2,5,,6,University City District,UCD,UCD,,Main Street Program,50000,Main Street Program,50000,,,,,,,,,,,,,,,1,12000,,,2,11345,3,6620,1,2733,1,50000,1,50000,807403.05,1607403.05,31000,31000,250000,450000,,,,65645.9296875,1806.62843885955
88,110,9d246b81-6f01-4137-a8c7-a7daa2e56880,City Avenue Shopping Center,West Park,City Ave/76thgolf course,7700 City Avenue,19151,2011,"159,000","120,000","120,000",31,35,37,26,5,16.10%,9.00%,2.70%,2,2,1940,1,1,1,1,1,1,3,4,4,,,,,,,,,,,,,,,,,,,,,,,,,,,,,,,,,,,,,,,,,,,,,,95401.7265625,1462.13077601453
89,111,2388c168-9022-4360-98e0-9f8229cfaa63,City and Haverford,West Park,Haverford/RhoadsCity Ave,7538 Haverford Avenue,19151,2011,"140,000","100,000","100,000",76,67,61,72,4,5.30%,3.00%,1.60%,2,1,1940,3,1,1,2,3,1,6,4,3,Office of Business  Services,,,,,,,,,,,,,,,,,,,,,,,,2,32000,,,,,,,,,,,,,73420,200000,,,,,,143937.109375,3323.68993119931
90,36,87367b05-918f-4c0d-83a4-e8857b65cb7e,10th and Snyder,South,Snyder/9th11th,1000 Snyder Avenue,19148,2014,"31,000","64,000",,22,46,,19,3,13.60%,15.00%,,1,1,1920,1,1,,2,2,2,6,6,,,,,,,,,,,,,,,,,,,,,,,,,,,,,,,,,,,,,,,,,,,,,,,28205.71875,867.363890204398
91,29,bae270bf-6791-4d6e-b7a0-df35dc5666f4,Pier 70 Plaza and vicinity,South,Delaware RiverI95/TaskerMifflin,1801 S. Columbus Boulevard,19148,2011,"420,000","336,372","243,000",12,12,4,12,0,0.00%,0.00%,0.00%,3,3,1990,1,2,2,1,1,1,3,3,3,,,,,,,,,,,,,,,,,,,,,,,,,,,,,,,,,,,,,,,,,,,,,,808531.87890625,4267.42315352079
92,280,c56b2c68-65ba-4bf9-a99e-81f736a46095,Rising Sun and Adams vicinity,Lower NE,FoulkrodSEPTA/GodfreyAdams,5675 Rising Sun Ave,19120,2012,"388,000","430,000","430,000",46,55,65,36,10,21.70%,12.00%,9.20%,3,3,1980,3,2,1,2,2,3,7,5,5,,,,,,,,,,,,,,,,,,,,,,,,,,,,,,,,,,,,,,,,,,,,,,492292.3515625,3313.86537834074
93,282,9a5b7878-cadf-4e59-8c57-fbf713cd8ead,Adams and the Boulevard,Lower NE,LangdonTabor/HarrisonGarland,4600 E Roosevelt Blv,19124,2012,"720,000","447,000","335,000",85,61,46,67,18,21.20%,3.00%,6.50%,3,5,1950,2,4,4,2,2,1,5,4,5,,,,,,,,,,,,,,,,,,,,,,,,,,,,,,,,,,,,,,,,,,,,,,705339.90234375,4899.6535780992
94,284,cf46b309-f717-492c-bb88-f858e7359b80,Castor and Wyoming,Lower NE,Castor and Wyoming Aves,4501 Castor Ave,19124,2016,"152,000","209,000","175,000",11,15,16,11,0,0.0%,20.0%,18.7%,3,5,1980,1,4,1,2,3,2,7,8,3,,,,,,,,,,,,,,,,,,,,,,,,,,,,,,,,,,,,,,,,,,,,,,147194.734375,3035.36247934347
95,285,a036bc11-853a-4ca4-8834-c29eb3ecf498,Frankford Avenue/Church,Lower NE,Frankford/UnityAdams,4261 Frankford Ave,19124,2012,"115,000","151,017","80,000",47,70,52,30,17,36.20%,38.50%,34.60%,2,1,1900,3,3,3,3,4,3,10,10,9,Frankford CDC,,Frankford CDC,,TCMP,75000,TCMP,75000,TCMP,75000,TCMP,125000,TCMP,125000,,,Corridor Cleaning Program,40000,Corridor Cleaning Program,40000,Corridor Cleaning Program,45000,,,1,12000,,,1,3325,2,9225,,,,,,,325000,325000,,1358333,,,,58591.44140625,2363.56037725432
96,198,997fa172-018f-44c2-9707-799e011c5e98,Kensington Ave/Harrowgate,River Wards,Kensington/PacificOntario,3501 Kensington Avenue,19134,2016,"25,000","149,000","80,000",19,62,31,10,9,47.4%,51.60%,48.40%,1,1,1910,3,3,3,3,4,4,11,12,11,,,,,,,,,,,,,,,,,,,,,,,,,,,,,,,,,,,,,,,,,,,,,,65013.87109375,1439.09982251474
97,199,c675a0a7-652d-4ab1-907a-1c3ec75e5814,Harrowgate Plaza,North,I and Venango,3528 I Street,19132,2016,"60,000","149,000","100,000",11,24,14,8,3,27.3%,29.20%,35.70%,1,3,1960,3,1,3,3,3,4,10,11,9,,,,,,,,,,,,,,,,,,,,,,,,,,,,,,,,,,,,,,,,,,,,,,65205.57421875,1164.22682530663
98,204,07c451cd-8e5e-4d6d-976c-2d915d453a3f,Bridesburg,River Wards,RichmondAlmond/PlumSellers,4396 Richmond Street,19137,2014,"45,000","114,000","30,000",32,52,13,22,10,31.30%,11.50%,0.00%,1,5,1910,3,1,1,2,2,2,6,7,6,,,,,,,,,,,,,,,,,,,,,,,,,,,,,,,,,,,,,,,,,,,,,,65103.171875,1580.3160790961
99,32,78daf226-aae2-46f3-94b6-ee2579ddb588,South Seventh Street,South,S 7th/SigelPorter,2200 S. 7th Street,19148,2014,"140,000","235,000","122,000",138,162,143,87,51,37.00%,36.00%,50.30%,2,1,1910,1,3,1,3,4,3,10,12,11,Office of Business  Services,,,,,,,,,,,,,,,,,,,,,,,,,,1,12000,1,12000,,,,,,,,,,,,,,,,91368.5390625,2461.01316203342
100,33,d74ef30c-d5eb-4157-ab6d-1f67628eb4bc,Reed and Passyunk,South,Percy11th/WhartonDickenson,1400 S. 10th Street,19147,2014,"82,000","81,000","84,000",14,15,15,14,0,0.00%,20.00%,20.00%,2,5,1970,1,1,4,2,2,2,6,5,5,,,,,,,,,,,,,,,,,,,,,,,,,,,,,,,,,,,,,,,,,,,,,,66045.5,1382.01377772119
101,34,0dd51cf4-5a1b-45fb-97d5-1720889d6d55,East Passyunk,South,Passyunk Ave/DickinsonJuniper,1722 E. Passyunk Avenue,19148,2014,"193,000","219,000","175,000",164,199,172,146,18,11.00%,18.00%,4.70%,6,1,1910,4,3,1,1,2,2,5,5,5,East Passyunk Avenue BID,East Passyunk Avenue BID,East Passyunk Avenue BID,,,,,,,,,,,,,,,,,,,,9,39707,6,33334,4,34181,5,37795,8,64508,3,132000,2,100000,925679,925679,47632,47632,369487,619487,,,,81595.37109375,2289.43384058002
102,37,fcea1280-fcaf-4987-85e9-6f34f5ec45d9,Broad and Morris,South,Broad/DickinsonMcClellan,1701 S. Broad Street,19148,2014,"98,000","127,000",,51,63,,45,6,11.80%,11.10%,,1,1,1890,1,1,,3,3,2,8,8,,,,,,,,,,,,,,,,,,,,,,,,,,,,,,,,,,,,,,,,,,,,,,,91316.203125,1501.92967544502
103,46,eacce39b-fd63-463f-bba9-15859bb3baad,20th and Passyunk,South,Passyunk Ave/18th22nd,2010 W. Passyunk Avenue,19145,2014,"34,000","48,000","28,000",28,46,28,24,4,14.30%,13.00%,17.60%,1,1,1920,1,1,1,1,2,3,6,7,6,,,,,,,,,,,,,,,,,,,,,,,,,,,,,,,,,,,,,,,,,,,,,,84473.20703125,1860.02462183943
104,47,94205a0a-9cab-4f87-8e0c-b3ae538e05e2,Snyder Avenue/17th-23rd,South,Snyder/17th23rd,2101 S. 20th Street,19145,2014,"90,000","145,000","85,000",71,111,67,56,15,21.10%,30.00%,23.90%,1,1,1910,1,1,1,2,3,2,7,8,8,Diversified Community Services,,,,,,,,,,,,,,Corridor Cleaning Program,60000,,,,,,,,,,,,,,,,,,,,,,,,,,,,,,146335.62890625,2484.74624732675
105,48,199151f4-df06-43b9-8d7d-b55ff42173b5,Wilson Park,South,Snyder/25th28th,2500 Snyder Avenue,19145,2014,"42,000","45,850","102,000",8,22,16,6,2,25.00%,50.00%,18.80%,2,3,1950,3,3,3,4,4,4,12,10,9,,,,,,,,,,,,,,,,,,,,,,,,,,,,,,,,,,,,,,,,,,,,,,63151.15625,1766.34846683108
106,50,24f803ee-e8a7-4670-90fc-a877cf1d4424,Point Breeze Avenue,South,Point Breeze/FederalMorris,1300 Point Breeze Avenue,19146,2014,"122,000","161,000","90,000",107,139,100,67,40,37.40%,26.00%,30.00%,2,1,1890,1,1,3,2,3,2,7,7,8,"South Phila HOMES, Diversified Comm Srvcs",,,,,,,,,,,,,,,,Corridor Cleaning Program,30000,Corridor Cleaning Program,30000,Corridor Cleaning Program,25000,,,1,12000,1,12000,3,36000,1,15000,,,,,1007420,1007420,,,,,,,,144087.58203125,3462.09759737851
107,52,fa8e8118-74da-4251-9437-bd7efa58d43c,Washington Avenue West,Central,Washington/16th24th,2001 Washington Avenue,19146,2012,"285,000",,"260,000",61,40,39,50,11,18.00%,13.00%,0.00%,6,5,1900,4,4,4,2,2,3,7,7,9,,,,,,,,,,,,,,,,,,,,,,,,,,,,,,,,,,,,,,,,,,,,,,222474.10546875,3907.4655239943
108,56,5cb5f129-7ba4-46c0-a719-0a8fe8497ac9,30th and Grays Ferry,South,Grays Ferry/28th31st,3001 Grays Ferry Avenue,19146,2014,"135,000","122,686","82,000",13,14,12,11,2,15.40%,7.00%,17.00%,2,2,1980,4,1,1,1,2,1,4,4,4,Office of Business  Services,,,,,,,,,,,,,,,,,,,,,,,,,,,,,,,,,,,,603344,603344,,,,,,,,123406.2578125,1813.66519976157
109,57,e3d51aaa-efc1-4620-91d5-63bbccff4555,reserved  - Christian St. vicinity,Central,Christian/17th22nd,,19146,2012,,,,30,,,17,13,43.30%,,,,,,,,,,,,,,,,,,,,,,,,,,,,,,,,,,,,,,,,,,,,,,,,,,,,,,,,,,,,73897.0546875,2079.79083555376
110,63,bffe450f-35eb-457a-be52-06da1d075dd1,Woodland and Island Avenues,Lower SW,Island/WoodlandAMTRAK,7298 Woodland Avenue,19142,2015,"20,000",,,10,,,7,3,30.00%,,,1,5,1930,4,,,3,3,2,8,,,,,,,,,,,,,,,,,,,,,,,,,,,,,,,,,,,,,,,,,,,,,,,,44679.375,945.593992251749
111,64,ee239bbe-d84c-4db7-8110-3f5d76b1dd12,Elmwood Avenue,Lower SW,Elmwood/65thIsland,6924 Elmwood Avenue,19142,2015,"225,000","228,000","118,000",92,97,56,84,8,8.70%,14.00%,7.10%,1,1,1920,1,3,1,3,3,2,8,9,9,Office of Business  Services,,,,,,,,,,,,,,,,,,,,,,,,,,1,1360,,,,,,,,,,,,,,,,,,237803.375,5190.14895119282
112,65,275b4cfc-b337-4dd3-a331-c7fa0c285cde,61st and Passyunk,Lower SW,61st and Passyunk,6098 Passyunk,19153,2015,"40,000",,"35,000",6,,5,5,1,16.70%,,20.00%,6,2,1950,1,,3,4,4,3,11,,12,,,,,,,,,,,,,,,,,,,,,,,,,,,,,,,,,,,,,,,,,,,TEC Center for Culinary Enterprise,,,391757.01171875,2775.69862267187
113,60,f359dee7-7495-40d9-b1fd-4ffe8c67ff8f,Penrose Plaza and vicinity,Lower SW,Island Avenue/76th81st,2900 Island Avenue,19153,2015,"315,000","343,000","290,000",42,38,39,25,17,40.50%,11.00%,5.10%,3,2,1970,3,1,1,2,2,3,7,4,3,,,,,,,,,,,,,,,,,,,,,,,,,,,,,,,,,,,,,,,,,,,,,,422808.3046875,3587.878505357
114,67,51d81f71-b0c2-4d9f-b735-db2a8c81631f,54th and Woodland,University SW,Woodland/52nd56th,5400 Woodland Avenue,19143,2012,"50,000","141,000","30,000",57,83,40,46,11,19.30%,25.30%,30.00%,1,1,1900,1,3,3,4,4,2,10,12,12,,,,,,,,,,,,,,,,,,,,,,,,,,,,,,,,,,,,,,,,,,,,,,85912.9453125,2074.36232882271
115,70,cf38d6b3-ecbc-43ef-8969-cad053cec92b,58th and Florence,University SW,58th/WarringtonFlorence,1601 S. 58th Street,19143,2012,"10,000","35,000","7,000",13,28,14,5,8,61.50%,25.00%,57.00%,1,1,1900,3,3,3,4,4,4,12,12,12,,,,,,,,,,,,,,,,,,,,,,,,,,,,,,,,,,,,,,,,,,,,,,8451.96875,504.254305605178
116,71,d34cb9a6-f3ce-465c-8307-04187936bf2b,52nd and Chester,University SW,Chester/Paxon52nd,5131 Chester Avenue,19143,2012,"10,000","15,000","8,000",10,12,8,6,4,40.00%,25.00%,63.00%,1,1,1900,3,1,3,4,4,4,12,11,12,,,,,,,,,,,,,,,,,,,,,,,,,,,,,,,,,,,,,,,,,,,,,,3532.84375,256.325696884433
117,88,bd27075c-e571-4b7f-9c2a-6252417b49c6,46th Street and vicinity,University SW,42nd49th/FilbertLocust,4600 Chestnut Street,19139,2017,"235,000","334,000","110,000",83,114,92,65,18,21.70%,19.30%,23.90%,2,5,1920,4,4,4,2,2,2,7,8,8,The Enterprise Center CDC,,TEC-CDC,,,,,,,,,,,,,,,,,,,,1,12000,,,,,,,,,,,,,,,,,,,,,,987202.5078125,4915.10462457316
118,89,aac08252-041a-4962-8329-67fc78b4bb7c,48th and Spruce,University SW,47th49th/SprucePine,4800 Spruce Street,19143,2017,"80,000","80,000","75,000",39,38,33,36,3,7.70%,13.20%,15.20%,1,1,1930,1,1,1,3,2,2,7,7,7,The Enterprise Center CDC,,TEC-CDC,,,,,,,,,,,,,,,,,,,,1,4243,,,,,,,2,10786,1,50000,,,,,,,,,TEC Center for Culinary Enterprise,,,54271.66796875,1200.39323828175
119,7,2ff2460a-70e8-4748-b5d6-8acf61b304d9,5th and Delancey,Central,5th and Delancey,318 S. 5th Street,19106,2012,"20,000",,"20,000",5,,5,5,0,0.00%,,0.00%,1,5,1960,1,,1,1,1,2,4,,4,,,,,,,,,,,,,,,,,,,,,,,,,,,,,,,,,,,,,,,,,,,,,,8009.24609375,414.645880390607
120,9,1af8a198-cd7f-4c04-bea3-90eaf4c9a7a5,Pine Street,Central,Pine/9th12th,1100 Pine Street,19147,2012,"65,000",,,46,,,41,5,10.90%,,,1,1,1840,4,,,2,2,3,7,,,,,,,,,,,,,,,,,,,,,,,,,,,,,,,,,,,,,,,,,,,,,,,,42398.37890625,1223.0136426913
121,38,5d3c4bf5-b318-4792-90ac-35f11e86e4f5,Broad and Oregon,South,13th18th/RitnerBigler,2684 S. Broad Street,19148,2011,"183,000","92,000","92,000",111,56,56,100,11,9.90%,10.30%,10.70%,2,1,1910,1,1,1,1,1,2,4,5,5,,,,,,,,,,,,,,,,,,,,,,,,,,,,,,,,,,,,,,,,,,,,,,154852.8359375,3799.7248654398
122,39,5c37475f-0f11-4afe-b24c-88409ade3bf9,Packer Park ,Lower South,Broad17th/I76Hartranft,1526 Packer Avenue,19145,2011,"63,000","60,000","35,000",25,14,10,25,0,0.00%,0.00%,0.00%,1,2,1960,1,2,1,1,2,2,5,5,5,,,,,,,,,,,,,,,,,,,,,,,,,,,,,,,,,,,,,,,,,,,,,,107972.21875,2015.77568848611
123,40,46e0ddc4-0306-48a6-8840-ea52ffa3d30b,Sports Complex,Lower South,DarienBroad/PackerI95,1300 Pattison Avenue,19148,2011,"112,000","60,000","43,000",12,6,4,12,0,0.00%,0.00%,0.00%,5,4,1990,4,4,1,1,1,1,3,6,8,,,,,,,,,,,,,,,,,,,,,,,,,,,,,,,,,,,,,,,,,,,,,,1650845.21484375,5388.62610500213
124,231,0bd16532-9d88-45b4-bbff-f5f40e4ee6ee,Conrad and Sunnyside,Lower NW,Conrad/Indian QueenTilden,3427 Conrad Street,19129,2013,"18,000",,,17,,,13,4,23.50%,,,1,1,1900,1,,,2,2,2,6,,,,,,,,,,,,,,,,,,,,,,,,,,,,,,,,,,,,,,,,,,,,,,,,32821.08203125,981.436049700231
125,175,14481754-01e9-4902-b7d1-93db9f68a69c,Scotts Lane,North,Scotts Lane/RidgeCrawford,3502 Scotts Lane,19129,2014,"158,000",,,12,,,9,3,25.00%,,,6,5,1980,4,,,2,2,3,7,,,,,,,,,,,,,,,,,,,,,,,,,,,,,,,,,,,,,,,,,,,,,,,,141471.29296875,2045.07022632085
126,190,0aaa2e97-3366-4ef7-9121-9446a195d893,Front and Kensington,Lower North,KensingtonFront/LehighDiamond,2401 Kensington Avenue,19133,2012,"207,000","315,000","250,000",181,190,181,119,62,34.30%,33.20%,26.00%,3,1,1910,3,3,1,3,4,3,10,7,9,New Kensington CDC,,,ASEZ,,,TCMP,50000,TCMP,50000,TCMP,,TCMP,,Corridor Cleaning Program,25000,Corridor Cleaning Program,25000,Corridor Cleaning Program,20000,Corridor Cleaning Program,,3,27975,2,14865,,,1,16800,,,,,,,2254557,2254557,,,,1333333,,,,230785.1015625,3591.27440516564
127,191,429fdc02-80f3-4462-8676-982d23ba4bef,Palmer Park,River Wards,Frankford/EyreMarlborough,1700 Frankford Avenue,19125,2014,"30,000",,,17,,,10,7,41.20%,,,1,1,1860,4,,,2,3,3,8,,,,,,,,,,,,,,,,,,,,,,,,,,,,,,,,,,,,,,,,,,,,,,,,31001.69140625,1010.70740983092
128,192,659e0862-073e-4aa8-bf68-379bf7752744,Frankford and Susquehanna,River Wards,Frankford/SergeantBerks,2043 Frankford Avenue,19125,2014,"60,000",,"30,000",49,,20,33,16,32.70%,,50.00%,1,1,1860,4,,3,2,4,3,9,,12,New Kensington CDC,,NKCDC,ASEZ (1200-1900 only),TCMP,75000,TCMP,25000,TCMP,25000,TCMP,175000,TCMP,175000,Corridor Cleaning Program,75000,Corridor Cleaning Program,55000,Corridor Cleaning Program,55000,Corridor Cleaning Program,75000,9,61810,5,41525,6,59435,4,33277,4,48000,,,1,50000,75000,1875000,,,,,,Lutheran Settlement House,,94302.0390625,2531.55152706422
129,193,35630a74-7f93-480e-a65c-490401e2ee57,Trenton and Lehigh,River Wards,Lehigh/TulipFrankford,2132 Lehigh Avenue,19125,2014,"20,000",,"20,000",3,,1,2,1,33.30%,,0.00%,1,5,1960,3,,1,3,2,4,9,,8,,,,,,,,,,,,,,,,,,,,,,,,,,,,,,,,,,,,,,,,,,,,,,53500.59765625,1508.09939081526
130,286,f8ac2958-64dc-468a-ac44-80a5e7ceb75a,Frankford Avenue/Margaret-Orthodox,Lower NE,PaulLeiper/AllengroveUnity,4700 Frankford Ave,19124,2012,"400,000",547152,"350,000",206,241,208,146,60,29.10%,0.336,43.30%,3,1,1900,3,3,3,3,3,4,10,9,7,Frankford CDC,,Frankford CDC,,TCMP,75000,TCMP,75000,TCMP,75000,TCMP,125000,TCMP,125000,,,Corridor Cleaning Program,40000,Corridor Cleaning Program,40000,Corridor Cleaning Program,45000,,,1,12000,,,1,3325,2,9225,,,,,,,325000,325000,,1358333,,,,191423.25,3560.85415996505
131,287,08399975-85e8-461f-afc3-0245402fd40a,Frankford Avenue/Bridge-Pratt,Lower NE,DarrahGriscom/BrillAllengrove,5201 Frankford Ave,19124,2012,"189,000","212,122","145,000",88,83,87,77,11,12.50%,13.30%,11.50%,2,1,1900,2,3,3,3,3,1,7,6,9,,,,,,,,,,,,,,,,,,,,,,,,,,,,,,,,,,,,,,,,,,,,,,132759.19921875,2366.1200053252
132,288,d064351a-bc55-4510-9ed7-6dc765d36108,Wakeling and Aramingo,River Wards,TaconyAMTRAK/BridgeBuckius.,4851 James St,19124,2012,"40,000","57,850","40,000",5,8,2,5,0,0.00%,25.00%,0.00%,1,2,1980,3,1,1,3,3,4,10,9,4,,,,,,,,,,,,,,,,,,,,,,,,,,,,,,,,,,,,,,,,,,,,,,157632.27734375,1786.65437131918
133,290,a5931ace-9381-49b2-a9f7-1ab20f58fc4f,Torresdale Avenue - Wissinoming,N Delaware,Torresdale/DevereauxVan Kirk,6001 Torresdale,19135,2015,"125,000","110,000","80,000",67,79,70,52,15,22.40%,13.00%,20.00%,2,1,1910,3,3,1,2,3,4,9,9,6,Office of Business Services,,,,,,,,,,,,,,,,,,,,,,,,,,,,,,,,,,,,,,,,,,,,,78800.30859375,1846.9431073335
134,291,ea64e326-0085-419c-9604-38a816c848be,reserved - Keystone Street,N Delaware,Keystone/LevickRobbins,6301 Keystone Street,19135,2015,,"13,500","20,000",,6,4,,,#VALUE!,0.00%,25.00%,1,2,1960,,1,1,,,,0,9,9,,,,,,,,,,,,,,,,,,,,,,,,,,,,,,,,,,,,,,,,,,,,,,27023.52734375,728.767407747746
135,292,4f43c8e2-89e2-4ae8-b346-2403f5fb9107,Torresdale and Levick,N Delaware,Torresdale/HellermanRobbins,6401 Torresdale Avenue,19135,2015,"25,000","72,000","22,000",15,16,15,12,3,20.00%,6.00%,20.00%,1,5,1920,1,1,1,2,2,3,7,8,7,,,,,,,,,,,,,,,,,,,,,,,,,,,,,,,,,,,,,,,,,,,,,,46477.51171875,1183.81547794878
136,293,f18700af-aee6-4644-9c59-6509f3e6ed90,Torresdale Avenue - Tacony,N Delaware,Torresdale/CottmanMagee,6900 Torresdale Avenue,19135,2015,"175,000","259,000","110,000",133,179,96,110,23,17.30%,19.00%,13.50%,2,1,1910,1,2,1,2,2,2,6,7,6,Tacony CDC,,Tacony CDC,,,,,,,,,,,,,,,,,,,,,,,,2,24000,12,,3,18215,,,,,897344,897344,,,,,,,,167524.796875,3745.53716948256
137,135,59595d8d-4056-4d68-bf25-6151dd2bf27b,36th and Lancaster,University SW,Lancaster/34thHamilton,3632 Powelton Avenue,19104,2012,"55,000","92,000","45,000",51,62,51,40,11,21.60%,37.10%,21.60%,1,1,1900,1,1,4,2,2,2,6,9,8,University City District,UCD,UCD,,,,,,,,,,,,,,,,,,,,,,2,20000,1,12000,1,12000,,,,,,,,,,,,,,,,123197.40234375,2261.6063077449
138,140,9d59513a-433d-4ba1-9794-c391d1c254b7,West Girard,Lower North,Girard/CollegeBrewerytown,2700 W. Girard Avenue,19121,2012,"160,000","170,000","110,000",105,124,104,76,29,27.60%,31.50%,21.10%,2,1,1870,4,1,4,3,2,2,7,7,6,Fairmount CDC,,,,,,,,,,,,,,Corridor Cleaning Program,75000,Corridor Cleaning Program,15000,Corridor Cleaning Program,30000,,,2,9004,1,20000,1,1330,,,1,1330,1,50000,1,50000,1216502,1216502,,380012.5,1367119,1367119,,,,116592.015625,2938.0344535979
139,153,e56f2252-1bd4-4f92-8b07-897957db6dd4,Girard and Marshall,Lower North,Girard/Lawrence10th,600 W. Girard Avenue,19123,2012,"167,000","334,000","180,000",81,119,107,51,30,37.00%,36.10%,40.20%,2,5,1890,3,3,3,3,4,3,10,11,8,,,,,,,,,,,,,,,,,,,,,,,,,,,,,,,,,,,,,,,,,,,,,,113753.46875,2466.88967254357
140,160,8a90e5b0-c73b-452e-91f3-1b7c1ff804a7,27th and Cecil B. Moore,Lower North,Cecil B. Moore/26th29th,2701 Cecil B. Moore Avenue,19121,2012,"32,000","64,000",,40,62,,19,21,52.50%,33.90%,,1,1,1880,3,3,,4,4,4,12,10,,,,,,,,,,,,,,,,,,,,,,,,,,,,,,,,,,,,,,,,,,,,,,,45812.61328125,1221.34563173748
141,162,53b8a795-a710-41d3-8756-84ba4445d79c,22nd and Diamond,Lower North,Diamond/LambertCroskey,2121 W. Diamond Street,19121,2012,"23,000","17,000","15,000",11,14,12,11,0,0.00%,14.30%,8.30%,1,1,1920,3,4,1,3,4,4,11,10,11,,,,,,,,,,,,,,,,,,,,,,,,,,,,,,,,,,,,,,,,,,,,,,25387.97265625,866.084290975199
142,164,dc373183-b3a2-4ff8-b5b6-fada61692794,Ridge and Diamond,Lower North,Ridge/Sedgley31st,2913 Ridge Avenue,19121,2012,"61,000","84,000","50,000",43,51,57,18,25,58.10%,47.10%,52.60%,1,1,1890,3,3,3,3,4,4,11,10,11,,,,,,,,,,,,,,,,,,,,,,,,,,,,,,,,,,,,,,,,,,,,,,44641.90625,1431.12737945361
143,165,970bad34-7000-43e0-80be-258d9c4cd984,Strawberry Square,Lower North,29th/YorkFletcher,2301 N. 29th Street,19132,2013,"92,000","114,000","75,000",37,48,44,33,4,10.80%,29.20%,29.50%,2,5,1980,1,4,1,3,2,2,7,7,7,Office of Business Services,,,,,,,,,,,,,,,,,,,,,,,,,,,,,,,,,,,,,,,,,,,,,91100.1640625,1423.31269840521
144,168,b7a21d0a-6138-4e06-be74-0a0aa09b1321,West Lehigh,Lower North,Lehigh/24th29th,2600 W. Lehigh Avenue,19132,2016,"77,000","78,000","45,000",78,65,44,42,36,46.2%,30.80%,38.60%,1,1,1900,3,4,3,3,4,3,10,10,10,,,,,,,,,,,,,,,,,,,,,,,,,,,,,,,,,,,,,,,,,,,,,,89825.35546875,2116.39218380764
145,207,c9eeed29-79e1-4b57-bc8f-ed81822ab251,Richmond and Allegheny,River Wards,I95Aramingo/WestmorelandAnn,2634 E. Allegheny Avenue,19134,2014,"160,000","218,000","80,000",121,154,97,106,15,12.40%,16.90%,18.60%,2,1,1900,1,3,1,3,3,3,9,10,9,New Kensington CDC,,NKCDC,,TCMP,,TCMP,25000,TCMP,25000,TCMP,,TCMP,,Corridor Cleaning Program,,Corridor Cleaning Program,,Corridor Cleaning Program,,Corridor Cleaning Program,,,,,,1,3040,,,,,,,,,,,,,,,,,,172345.53515625,4393.68271277788
146,208,2a8da179-6ace-4b81-8c33-924c7b1818d6,Lower Aramingo Avenue,River Wards,Aramingo/LehighNorris,2638 E. Cumberland Street,19125,2014,"230,000","226,000","150,000",49,37,32,44,5,10.20%,5.40%,9.40%,2,2,1980,4,4,1,1,1,1,3,3,4,,,,,,,,,,,,,,,,,,,,,,,,,,,,,,,,,,,,,,,,,,,,,,215504.21484375,3762.23180655188
147,209,cd3ee44d-0ab4-4ff7-92cc-9a45829a31f3,East Girard,River Wards,WildeyMaster/SusquehannaHoward,1201 Frankford Avenue,19125,2014,"215,000","148,000","105,000",178,130,103,149,29,16.30%,29.20%,24.30%,2,5,1850,4,3,3,2,2,2,6,7,6,New Kensington CDC,,NKCDC,,TCMP,,TCMP,25000,TCMP,25000,TCMP,,TCMP,,Corridor Cleaning Program,,Corridor Cleaning Program,,Corridor Cleaning Program,,Corridor Cleaning Program,,2,17000,1,8000,1,2839,5,18853,1,9440,1,39682,1,50000,,,2000000,3138000,,,,,,210065.734375,4150.38573652969
148,211,306c4ad2-29f5-43f0-bb23-233ccf686ecf,Main Street - Manayunk,Lower NW,Main/MarkleLeverington,4319 Main Street,19127,2013,"287,000",,"210,000",168,,173,145,23,13.70%,,5.20%,3,1,1890,1,,2,1,1,1,3,,3,Manayunk Dev Corp,Manayunk Special Services District,Manayunk Dev Corp,,,,,,,,,,,,,,,,,,,,2,17903,,,1,5000,1,2975,1,2462,,,,,,,,,,,,,,234097.74609375,4102.63241261505
149,300,52999cc7-af36-41f8-9ad0-8eee0df5fc48,Castor and Magee,Central NE,Castor/GlenviewRobbins,6521 Castor Ave,19111,2012,"200,000","385,000","285,000",134,138,131,108,26,19.40%,,,2,5,1940,3,,,2,3,2,7,,,,,,,,,,,,,,,,,,,,,,,,,,,,,,,,,,,,,,,,,,,,,,,,144820.1328125,2891.61321392215
150,295,447ca4e9-5146-4650-b8ca-68d58f0ea94e,Frankford Avenue - Lower Mayfair,N Delaware,Frankford/TysonBenner,6600 Frankford Avenue,19135,2015,310000,427000,280000,132,137,106,115,17,0.129,0.04,0.03,3,5,1920,1,1,1,2,2,2,6,4,5,Mayfair CDC,Mayfair BID,Mayfair CDC,,,,,,,,,,,,,,,,,,,,,,,,,,,,,,,,,,,,,,,,,,,355832.4921875,6070.99842172279
151,296,790c3bfb-b6c4-44a0-8844-952f4c0f3312,Roosevelt Plaza and vicinity,N Delaware,UnruhLevick/RooseveltBrous,6501 Harbison Ave,19149,2012,"215,000","221,068","155,000",37,41,28,34,3,8.10%,0.00%,7.10%,2,2,1950,1,1,1,1,2,1,4,4,4,,,,,,,,,,,,,,,,,,,,,,,,,,,,,,,,,,,,,,,,,,,,,,173825.65625,2738.54735832533
152,297,c0ddaf95-acbc-4993-addb-614500baf75c,Bustleton and the Boulevard,Lower NE,HellermanDevereaux/EastwoodLeonard,6301 Bustleton Ave,19149,2012,"37,000","113,300","65,000",23,32,21,21,2,8.70%,6.30%,4.80%,1,5,1950,4,1,2,2,2,3,7,5,6,,,,,,,,,,,,,,,,,,,,,,,,,,,,,,,,,,,,,,,,,,,,,,105523.70703125,2775.40769460299
153,298,807c925e-bbac-406b-a6a3-4805fa40e0aa,Bustleton and Harbison,Lower NE,Bustleton/PrincetonUnruh,6800 Bustleton Ave,19149,2012,"89,000","75,000","75,000",55,60,60,50,5,9.10%,10.00%,10.00%,2,5,1940,1,3,3,3,2,2,7,7,8,,,,,,,,,,,,,,,,,,,,,,,,,,,,,,,,,,,,,,,,,,,,,,125885.36328125,2298.33050000002
154,299,f6f74eaa-eeb6-4131-8789-28e4ba3114ad,Castor and Tyson,Central NE,Castor/St. VincentGlenview,7000 Castor Ave,19111,2012,"75,000",,,41,49,39,36,5,12.20%,,,2,5,1940,3,,,2,2,2,6,,,,,,,,,,,,,,,,,,,,,,,,,,,,,,,,,,,,,,,,,,,,,,,,68589.96484375,1772.86494817252
155,301,788ab2da-b3e2-4195-bd82-a11399f96874,Castor and Benner,Lower NE,Castor/ComlyBenner,6033 Castor,19149,2012,"38,000","40,000","45,000",24,24,27,19,5,20.80%,15.00%,14.80%,1,1,1940,1,1,3,2,3,3,8,7,7,,,,,,,,,,,,,,,,,,,,,,,,,,,,,,,,,,,,,,,,,,,,,,17744.33984375,606.64200007783
156,303,62098ef4-564e-465f-b3c0-b63e68301561,Oxford and Levick,Lower NE,AlgonOxford/PassmoreRobbins,900 Levick St,19111,2012,"148,000","145,357","85,000",32,34,30,32,0,0.00%,3.00%,53.00%,2,2,1950,1,4,3,2,1,1,4,4,7,,,,,,,,,,,,,,,,,,,,,,,,,,,,,,,,,,,,,,,,,,,,,,112929.53515625,1741.03761540731
157,305,082a039b-3458-44a0-99a6-7b5c5bbe8083,Oxford and Unruh,Lower NE,Oxford/UnruhFanshawe,6640 Oxford Ave,19111,2012,"43,000","42,480","25,000",1,1,1,1,0,0.00%,0.00%,0.00%,1,3,1960,1,1,4,2,1,1,4,3,3,,,,,,,,,,,,,,,,,,,,,,,,,,,,,,,,,,,,,,,,,,,,,,24826.48828125,697.943191493845
158,302,def5458f-5abd-4ffe-b8b0-a3b7beb71126,Oxford Circle,Lower NE,LargeLoretto/Van KirkBridge,5423 Oxford Ave,19124,2012,"100,000","162,499","90,000",54,63,45,49,5,9.30%,12.70%,6.70%,2,5,1920,1,4,1,2,2,3,7,6,6,,,,,,,,,,,,,,,,,,,,,,,,,,,,,,,,,,,,,,,,,,,,,,95258.09765625,3821.85447562703
159,306,af09f388-ee66-4c54-bddb-b9dc29f6060a,Crescentville,Lower NE,Rising Sun/GodfreyBenner,5901 Rising Sun Ave,19120,2012,"89,000","114,899","70,000",62,61,44,53,9,14.50%,4.90%,9.10%,2,1,1930,1,1,1,2,2,2,6,6,6,,,,,,,,,,,,,,,,,,,,,,,,,,,,,,,,,,,,,,,,,,,,,,110833.390625,2361.61458512312
160,307,23d1badd-f000-45d0-87d5-7f5e14c28e22,Lawndale,Lower NE,Rising Sun/BennerLongshore,6400 Rising Sun Ave,19111,2012,"235,000","311,415","195,000",141,159,121,121,20,14.20%,10.70%,5.80%,2,1,1920,3,1,1,2,3,3,8,5,5,Office of Business  Services,,,,,,,,,,,,,,,,,,,,,,,,,,1,2136,,,2,8633,,,,,,,,,,,,,,201026.890625,3836.46604726267
161,311,a8534a90-d261-489a-84c6-9d84dd2e9ec8,Rhawn and Verree,Central NE,Verree/StanwoodRipley,8000 Verree Rd,19111,2012,"20,000","26,000","15,000",13,14,11,13,0,0.00%,0.00%,0.00%,1,5,1950,1,4,1,1,2,1,4,5,6,,,,,,,,,,,,,,,,,,,,,,,,,,,,,,,,,,,,,,,,,,,,,,26912.015625,841.302308088417
162,312,96af3bfc-66a3-43be-870b-473de05d49b7,Dungan Road,Central NE,MeadowbrookCSX/RhawnNapfle,7938 Dungan Rd,19152,2012,"82,000","95,000","105,000",21,19,20,16,5,23.80%,21.10%,30.00%,2,5,1960,1,4,1,2,2,2,6,6,7,,,,,,,,,,,,,,,,,,,,,,,,,,,,,,,,,,,,,,,,,,,,,,158832.2578125,2552.5899435941
163,314,cb8d9e79-f207-4435-989d-94ceca6f5333,Bustleton and Tustin,Central NE,Bustleton/PlacidBergen,8500 Bustleton Ave,19152,2012,"50,000","30,000","30,000",25,16,16,17,8,32.00%,6.30%,6.30%,1,2,1950,3,,1,2,3,3,8,,7,,,,,,,,,,,,,,,,,,,,,,,,,,,,,,,,,,,,,,,,,,,,,,92001.16796875,1540.47673923346
164,317,ceb7d2ac-1e75-44eb-867b-a37c3d2b7077,Bustleton Avenue-Rhawnhurst,Central NE,Bustleton/SollyLansing,7936 Bustleton Ave,19152,2012,"82,000","75,000","75,000",62,70,70,57,5,8.10%,5.70%,5.70%,2,2,1960,1,,1,2,2,2,6,,6,,,,,,,,,,,,,,,,,,,,,,,,,,,,,,,,,,,,,,,,,,,,,,98236.1484375,2902.41464540468
165,318,92ed878e-e647-47de-851f-2c41eb858037,Castor and Rhawn,Central NE,Castor/HoffnagleLoney,8001 Castor Ave,19152,2012,"45,000","55,000","55,000",37,42,42,32,5,13.50%,4.80%,4.80%,1,5,1950,1,,1,2,2,2,6,,6,Office of Business  Services,,,,,,,,,,,,,,,,,,,,,,,,,,1,7750,1,7750,,,,,,,,,,,,,,,,71067.4765625,1942.69307196773
166,320,406df442-3f6e-42ca-a882-9ca3448a0261,Castor and Glendale,Central NE,Castor/BorbeckShelmire,7600 Castor Ave,19152,2012,"94,000","110,000","110,000",77,81,81,68,9,11.70%,1.20%,1.20%,2,5,1950,1,,1,2,2,3,7,,6,,,,,,,,,,,,,,,,,,,,,,,,,,,,,,,,,,,,,,,,,,,,,,86163.3203125,2317.66051956293
167,321,a3cdb752-f177-43ab-88fa-7464ece610a9,Cottman/Loretto-Pennway,Central NE,Cottman/LorettoPennway,1729 Cottman Ave,19111,2012,"57,000","58,000","45,000",30,29,31,27,3,10.00%,14.30%,3.20%,1,5,1940,1,1,1,2,2,2,6,8,8,,,,,,,,,,,,,,,,,,,,,,,,,,,,,,,,,,,,,,,,,,,,,,93086.75390625,2391.73129408484
168,212,c79c02c0-7add-4966-8f52-e4182d81c8de,Ridge Avenue - Roxborough,Lower NW,Ridge/Jamestown-Gates,6053 Ridge Avenue,19128,2013,"274,000","380,000","190,000",126,145,121,108,18,14.30%,6.00%,1.70%,3,1,1910,4,1,1,1,1,1,3,5,4,Roxborough Development Corporation,Roxborough District,Roxborough Development Corporation,,,,,,,,,,,,,,,,,,,,4,42418,9,52635,1,3750,1,4293,4,35000,,,,,,,500000,2186020,,,,,,188451.6953125,5291.72570400238
169,213,e363580e-6190-4103-a795-60f51a626af6,Ridge and Hermit,Lower NW,Ridge/PechinJamestown,5555 Ridge Avenue,19128,2013,"39,000",,,18,,,18,0,0.00%,,,1,5,1870,4,,,2,1,2,5,,,,,,,,,,,,,,,,,,,,,,,,,,,,,,,,,,,,,,,,,,,,,,,,66778.69140625,2122.17116858832
170,214,49adaa9f-551f-4654-8171-b8d112c9c27b,Ridge and Domino,Lower NW,Ridge/FountainDomino,6901 Ridge Avenue,19128,2013,"260,000","302,000","180,000",73,82,52,68,5,6.80%,9.00%,3.90%,3,5,1960,4,1,3,2,1,1,4,6,5,,,,,,,,,,,,,,,,,,,,,,,,,,,,,,,,,,,,,,,,,,,,,,233066.40625,4383.65797037051
171,215,6a5e2e54-3ad1-4147-9798-3a313593e7a3,Ridge and Shawmont,Lower NW,Ridge/FlamingoSeffert,7800 Ridge Avenue,19122,2013,"45,000",,,30,,,27,3,10.00%,,,1,5,1960,1,,,2,2,2,6,,,,,,,,,,,,,,,,,,,,,,,,,,,,,,,,,,,,,,,,,,,,,,,,98294.67578125,2658.68276096111
172,218,82903126-18e0-40da-916a-5f5f2a2556c7,Ridge and Bells Mill,Lower NW,Ridge/Manatawna-Northwestern,8965 Ridge Avenue,19121,2013,"57,000","62,000","30,000",20,20,20,18,2,10.00%,0.00%,15.00%,1,2,1970,1,1,3,2,1,3,6,7,8,,,,,,,,,,,,,,,,,,,,,,,,,,,,,,,,,,,,,,,,,,,,,,67307.1640625,1745.29516162492
173,62,eae594f7-5c1d-4f31-b5f0-3bd5923b37f2,70th and Lindbergh,Lower SW,70th St/LindberghGrovers,2910 S. 70th Street,19153,2015,"60,000",,"54,000",8,,8,7,1,12.50%,,0.00%,1,2,1960,1,,1,2,2,1,5,,3,,,,,,,,,,,,,,,,,,,,,,,,,,,,,,,,,,,,,,,,,,,,,,104735.046875,2406.27619690197
174,200,6a86a225-3f4f-456c-a9a4-fee7068089d7,Hunting Park Ave/Juniata Park,North,Hunting ParkAve/Gtol,900 East Hunting Park Avenue,19124,2016,"215,000","390,000","200,000",33,52,27,31,2,6.1%,8.0%,0.0%,3,5,1990,1,2,,2,2,2,6,7,,,,,,,,,,,,,,,,,,,,,,,,,,,,,,,,,,,,,,,,,,,,,,,308445.72265625,3833.2804222893
175,356,4324429f-a578-4ace-884d-4c2d4ed6ef23,Ashton and Willits Roads,Lower Far NE,Ashton/WillitsTremont,2800 Willits Road,19136,2016,"45,000",,"40,000",16,,17,16,0,0.0%,,5.9%,1,2,1960,1,,1,4,3,3,10,,8,,,,,,,,,,,,,,,,,,,,,,,,,,,,,,,,,,,,,,,,,,,,,,34716.24609375,1126.29301750946
176,371,0e354a4e-1131-4f1d-acb5-7825b7418d24,Boulevard Plaza,Upper Far NE,"Boulevard/ComlyTomlinson
Boulevard/ComlyTomlinson",11000 Roosevelt Boulevard,19116,2016,"430,000",,"375,000",31,,38,27,4,12.9%,,36.8%,3,3,1980,1,,1,2,2,1,5,,4,,,,,,,,,,,,,,,,,,,,,,,,,,,,,,,,,,,,,,,,,,,,,,500035.95703125,4617.61269821052
177,370,b6d46308-b25b-4d8c-9131-7ecfab049ef7,Red Lion Plaza,Upper Far NE,Boulevard/GreymontPresident,9990 Roosevelt Boulevard,19115,2016,"275,000",,"165,000",32,,30,26,6,18.8%,,3.3.%,3,3,1970,1,,1,1,1,2,4,,4,,,,,,,,,,,,,,,,,,,,,,,,,,,,,,,,,,,,,,,,,,,,,,235222.27734375,3411.87153441683
178,381,0b61a244-9556-4167-b484-760e11e5fe7a,Bustleton and Byberry,Upper Far NE,Bustleton/LindenhurstWoodhaven ROW,13001 Bustleton Avenue,19116,2016,"138,000","123,000","60,000",59,55,42,57,2,3.4%,4.0%,2.4%,2,2,1960,1,1,1,2,2,2,6,7,6,,,,,,,,,,,,,,,,,,,,,,,,,,,,,,,,,,,,,,,,,,,,,,139809.8515625,1866.8329785339
179,368,fa6b1c56-9ac6-4e9a-8bf5-835ee5d1f15e,Presidential/Belair,Upper Far NE,Bustleton/CSXLott,9853 Bustleton Avenue,19115,2016,"150,000",,"120,000",45,,48,42,3,6.7%,,8.3%,2,5,1960,1,,1,3,2,1,6,,4,,,,,,,,,,,,,,,,,,,,,,,,,,,,,,,,,,,,,,,,,,,,,,278499.625,3248.86632376927
180,376,798e8b9e-0e00-4ccb-bcb1-bac2c34ad3f8,Bustleton / Somerton Center,Upper Far NE,Bustleton/TomlinsonGorman,10833 Bustleton Avenue,19116,2016,"135,000","134,000","75,000",54,58,43,50,4,7.4%,0.0%,2.3.%,2,5,1960,1,1,1,1,2,2,5,4,5,,,,,,,,,,,,,,,,,,,,,,,,,,,,,,,,,,,,,,,,,,,,,,245744.8515625,2988.61748864124
181,367,079b5b75-2d45-43c6-83fd-a05bf5e32d3e,Grant Plaza,Upper Far NE,Grant/BanesCSX,1681 Grant Avenue,19115,2016,"148,000",,"120,000",41,,40,30,11,26.8%,,7.5%,2,2,1980,3,,1,2,1,3,6,,5,,,,,,,,,,,,,,,,,,,,,,,,,,,,,,,,,,,,,,,,,,,,,,117866.70703125,1547.77191081423
182,238,ef8daf6b-7dc1-4e4b-ba5e-92a512d4e689,Chew and Washington,Upper NW,Chew/Tulpehocken-Duval,6300 Chew Avenue,19138,2017,"25,000","26,000","15,000",9,17,10,9,0,0.00%,12.00%,30.00%,1,5,2000,4,1,3,2,2,2,6,7,8,Mt. Airy USA,,,,,,,,,,,,,,,,,,,,,,,,,,,,,,,,,,,,,,,,,,,,,108708.0390625,1594.31224936181
183,222,65a16c94-5e70-4701-9f81-9aaf5f7ac837,Market Square - Chestnut Hill,Upper NW,Crittenden/Willow Grove-Mermaid,7700 Crittenden Street,19118,2017,"105,000","120,000","110,000",21,20,21,19,2,9.50%,25.00%,43.00%,2,3,1970,1,4,1,1,1,1,3,3,4,,,,,,,,,,,,,,,,,,,,,,,,,,,,,,,,,,,,,,,,,,,,,,91391.48046875,1267.33903048076
184,226,dd047523-5953-4640-bd89-47d8223e22a4,Germantown/Upsal-High,Upper NW,Germantown/Upsal-High,6201 Germantown Avenue,19144,2017,"125,000","125,000","85,000",58,60,69,45,13,22.40%,12.00%,16.00%,2,1,1890,4,4,3,2,2,3,7,9,10,,,,,,,,,,,,,,,,,,,,,,,,,,,,,,,,,,,,,,,,,,,,,,276885.3515625,2701.68168934696
185,225,34a02767-e183-4a29-831d-64295d27fb7e,Germantown/Gorgas-Upsal,Upper NW,Germantown/Gorgas-Upsal,6701 Germantown Avenue,19119,2017,"130,000","125,000","65,000",70,70,60,57,13,18.60%,19.00%,23.00%,2,1,1890,4,1,3,2,2,2,6,9,8,Mt. Airy USA,Mt Airy BID,Mt. Airy USA,,,,,,,,,,,,Corridor Cleaning Program,60000,,,,,,,,,2,16000,3,29810,3,29810,,,1,26961,3,106241,546000,6877100,,,2400000,2400000,,,MAUSA 6700 Gtown Ave,251404.85546875,3056.17095819352
186,224,dccea979-f045-4edc-8c28-18802ac13865,Germantown/Roumfort-Gorgas,Upper NW,Germantown/Roumfort-Gorgas,7133 Germantown Avenue,19119,2017,"150,000","100,000","120,000",65,72,65,60,5,7.70%,7.00%,9.00%,2,1,1890,1,4,1,1,2,1,4,6,6,Mt. Airy USA,Mt Airy BID,Mt. Airy USA,,,,,,,,,,,,Corridor Cleaning Program,,,,,,,,4,28904,1,12000,1,10000,1,12000,,,,,,,,,,,,,,,,313590.80078125,3965.67673228822
187,229,7d1f8dff-cb98-4a01-b231-d2497684b330,Pelham Plaza,Upper NW,Greene/Upsal-Hortter,6555 Greene Street,19119,2017,"32,000","32,000","20,000",8,9,6,8,0,0.00%,11.00%,0.00%,1,5,1980,1,1,1,2,1,1,4,6,3,,,,,,,,,,,,,,,,,,,,,,,,,,,,,,,,,,,,,,,,,,,,,,32116.80859375,977.949642869439
188,270,4f3aadc2-73f5-433d-a2da-3ecf2b472473,19th and Cheltenham,Upper North,Cheltenham/PittvilleGeorgian,1800 W. Cheltenham Avenue,19126,2016,"30,000","40,000","50,000",24,27,31,21,3,12.5%,,22.6%,1,5,1930,4,,3,4,3,3,10,,10,,,,,,,,,,,,,,,,,,,,,,,,,,,,,,,,,,,,,,,,,,,,,,44981.390625,1182.7030619867
189,247,74225aad-7a62-4d85-bef0-2fe94bf60305,Duncannon and Mascher,Upper North,Mascher/DuncannonAshdale,5200 N. Front Street,19120,2016,"60,000","64,000","40,000",3,6,1,3,0,0.0%,0.0%,100.0%,2,2,1970,1,4,3,4,3,3,10,10,12,,,,,,,,,,,,,,,,,,,,,,,,,,,,,,,,,,,,,,,,,,,,,,95377.203125,1277.5935960076
190,275,91b228bc-9b8b-4fbd-be1b-543a5ed00fb7,Adams Run Shopping Center,Upper North,Front/LaveerGodfrey,6201 N. Front Street,19120,2016,"95,000","95,000",0,18,13,0,10,8,44.4%,38.4%,,2,3,1990,3,3,,2,2,4,8,6,,,,,,,,,,,,,,,,,,,,,,,,,,,,,,,,,,,,,,,,,,,,,,,60845.30859375,981.117463608703
191,257,123f4c2d-73e6-4f10-9882-e26f46a2131f,Godfrey and Ogontz,Upper North,Ogontz/Godfrey-Church,6061 Ogontz Avenue,19141,2016,"25,000","25,000","25,000",37,32,27,25,12,32.4%,,33.3%,1,1,1920,1,,3,2,4,3,9,,10,,,,,,,,,,,,,,,,,,,,,,,,,,,,,,,,,,,,,,,,,,,,,,46486.4609375,1084.97041682636
192,268,8500ee57-c9fa-401b-9298-68b22184d963,72nd and Ogontz,Upper North,Ogontz/Wooster71st,7175 Ogontz Avenue,19138,2016,"85,000","85,000","85,000",51,50,50,40,11,21.6%,,14.0%,2,5,1920,1,,4,1,2,3,6,,6,,,,,,,,,,,,,,,,,,,,,,,,,,,,,,,,,,,,,,,,,,,,,,118372.44921875,1707.6452886871
193,266,6a3ba9d8-d2d9-4e09-8f06-dab71bbe94e1,Cheltenham & Ogontz,Upper North,Ogontz/CheltenhamWashington,7601 Ogontz Avenue,19150,2016,"185,000","185,000","120,000",98,95,66,86,12,12.2%,12.0%,13.6%,2,5,1930,1,1,1,1,2,2,5,8,7,OARC,,OARC,,,,,,,,,,,,Corridor Cleaning Program,50000,,,,,,,,,,,1,12000,1,4395,1,4825,,,,,1300000,2600000,,,,,,,,248850.3515625,3661.03840957868
194,272,fab75289-634e-404d-8e19-c27ca78186e8,68th and Ogontz,Upper North,Ogontz/Haines67th,6801 Ogontz Avenue,19126,2016,"30,000","30,000","30,000",24,25,25,17,7,29.2%,,24.0%,1,1,1920,1,,3,2,4,3,9,,10,,,,,,,,,,,,,,,,,,,,,,,,,,,,,,,,,,,,,,,,,,,,,,63780.50390625,1238.62931437029
195,256,92162429-2130-419e-949d-eb7f3041fdf9,Ogontoz and Champlost,Upper North,Ogontz/RoselynNedro,5950 Ogontz Avenue,19141,2016,"25,000","25,000","25,000",26,27,27,18,8,30.8%,,33.0%,1,1,1920,3,,3,2,3,3,8,,10,,,,,,,,,,,,,,,,,,,,,,,,,,,,,,,,,,,,,,,,,,,,,,26586.1875,818.711120033561
196,223,be341520-8008-4a35-b733-423daec8ab8b,Mount Pleasant/Cresheim-Emlen,Upper NW,Mount Pleasant/Cresheim-Emlen,301 West Mt Pleasant,19119,2017,"35,000","55,000","15,000",21,22,15,14,7,33.30%,0.00%,20.00%,1,5,1910,3,1,1,3,2,3,8,7,7,,,,,,,,,,,,,,,,,,,,,,,,,,,,,,,,,,,,,,,,,,,,,,71045.82421875,2004.77227276696
197,243,9d59eeb0-1b9c-4ffd-9e35-e257bc64dc26,5th and the Boulevard,North,5th/BoulevardWingohocking,4661 N. 5th Street,19140,2016,"135,000","134,000","70,000",64,77,60,47,17,26.6%,22.0%,31.7%,2,1,1900,1,3,3,3,2,3,8,10,9,Esperanza,,Nueva Esperanza,,TCMP,75000,TCMP,75000,TCMP,75000,TCMP,75000,TCMP,75000,Corridor Cleaning Program,44211,,,,,Corridor Cleaning Program,35000,1,6123,1,12000,1,7455,2,6377,1,12000,,,,,,,,,12500,25000,Esperanza Campus,,,211816.34765625,4899.85318434423
198,274,d11ecc2d-e0b7-4a75-9e0d-b53d92d20acb,5th and Cheltenham,Upper North,Cheltenham/Oak Lane-5th,6773 N. 5th Street,19126,2016,"45,000","35,000","25,000",29,24,19,28,1,3.4%,,0.0%,1,2,1950,1,,1,2,2,1,5,,5,,,,,,,,,,,,,,,,,,,,,,,,,,,,,,,,,,,,,,,,,,,,,,38605.8515625,926.074432153364
199,277,623dd0cf-7a7c-4e3a-a58b-e6d5dd704307,One and Olney Square,Upper North,Front/NedroOlney,101 E. Olney Avenue,19120,2016,"380,000","380,000","380,000",53,34,37,51,2,3.8%,12.0%,13.5%,3,3,1980,1,1,1,1,1,2,4,5,4,,,,,,,,,,,,,,,,,,,,,,,,,,,,,,,,,,,,,,,,,,,,,,227610.875,2315.55792316337
200,253,abf0379a-60e0-4672-9273-4a95bc032e98,Broad and Olney,Upper North,Broad/ChamplostTabor,5701 N. Broad Street,19141,2016,"302,000","302,000","220,000",149,148,143,109,40,26.8%,13.0%,14.0%,3,1,1920,3,1,1,2,2,2,6,6,6,Office of Business  Services,,,,,,,,,,,,,,,,,,,,,,,,,,,,,,,,,,,,,,,,,,,,,209358.54296875,2763.04524597248
201,255,8bc339b3-8add-47f5-80e3-423bece3f097,Broad and Stenton/Godfrey,Upper North,Broad/MedaryChamplost,6151 N. Broad Street,19141,2016,"83,000","83,000","60,000",36,32,23,31,5,13.9%,9.0%,4.3%,2,2,1940,1,4,4,2,2,2,6,7,6,,,,,,,,,,,,,,,,,,,,,,,,,,,,,,,,,,,,,,,,,,,,,,191363.140625,2413.59749179387
202,258,8927f298-9e44-44a3-8676-b13162959e90,Chelten Ave/Ogontz-Wister,Upper North,Chelten/Ogontz-Wister,2153 Chelten Avenue,19138,2016,"60,000","70,000","80,000",58,67,83,40,18,31.0%,,51.8%,1,1,1920,1,,3,3,4,3,10,,11,,,,,,,,,,,,,,,,,,,,,,,,,,,,,,,,,,,,,,,,,,,,,,118556.87109375,2635.53644884351
203,374,6ac1ef00-6bf4-4594-8739-fe95eff0db44,Bustleton and Red Lion,Upper Far NE,CSXBustleton/ProctorNorwalk,9965 Bustleton Avenue,19116,2016,"250,000","186,000","70,000",42,42,32,41,1,2.4%,5.0%,3.1%,2,5,1970,1,2,3,1,1,1,3,3,5,,,,,,,,,,,,,,,,,,,,,,,,,,,,,,,,,,,,,,,,,,,,,,394502.546875,3645.63598486053
204,380,38ba4a87-76f3-45c0-89c4-7b139c294986,Leo Mall/Lumar Center & Vicinity,Upper Far NE,Bustleton/Woodhaven ROW Hendrix,11709 Bustleton Avenue,19116,2016,"213,000","251,000","215,000",31,34,47,28,3,9.7%,0.0%,19.2%,3,3,1960,1,1,3,1,1,2,4,7,6,,,,,,,,,,,,,,,,,,,,,,,,,,,,,,,,,,,,,,,,,,,,,,192077.9375,2035.33861526075
205,364,c3a4c904-b89d-4f29-8a65-430b6a60f653,Bustleton/Welsh/Grant and Vicinity,Upper Far NE,HoffBustleton/FulmerScotchbrook,1840 Grant Avenue,19115,2016,"210,000","218,000","140,000",104,110,86,95,9,8.7%,5.0%,9.3%,2,2,1940,1,1,2,3,2,2,7,6,6,,,,,,,,,,,,,,,,,,,,,,,,,,,,,,,,,,,,,,,,,,,,,,458604.1953125,4207.48761921349
206,352,f9b0ff14-59b8-42a8-8884-7d6ce180c21a,Parkwood Center,Lower Far NE,Academy/ByberryTorrey,12405 Academy Road,19154,2016,"90,000","76,000","65,000",28,24,26,22,6,21.4%,17.0%,0.0%,2,3,1960,1,3,1,1,1,2,4,5,3,,,,,,,,,,,,,,,,,,,,,,,,,,,,,,,,,,,,,,,,,,,,,,103844.23046875,1689.61422982493
207,354,d4598676-9e0f-4470-82ba-0d5fd17deb27,Grant-Academy Plaza & vicinity,Lower Far NE,Grant/AcademyLavender,3320 Grant Avenue,19114,2016,"150,000",,"80,000",35,,21,29,6,17.1%,,23.8,2,2,1960,4,,1,2,2,1,5,,6,,,,,,,,,,,,,,,,,,,,,,,,,,,,,,,,,,,,,,,,,,,,,,179116.046875,2372.26892503794
208,363,22b3b3b3-f082-48db-8499-62970e1819f0,Grant and the Boulevard,Lower Far NE,Boulevard/BowlerMichener,2481 Grant Avenue,19114,2016,"1,107,000","211,000","155,000",63,34,27,61,2,3.2%,3.0%,7.4%,3,5,1960,2,2,1,1,1,2,4,5,6,,,,,,,,,,,,,,,,,,,,,,,,,,,,,,,,,,,,,,,,,,,,,,1008122.87890625,5079.36450435465
209,357,5d6ce48d-ffb1-4837-a44f-c59979645f47,Holme Ave. and Willits Rd.,Lower Far NE,Willits/HolmeFairfield,3218 Willits Road,19136,2016,"102,000","108,000","75,000",41,42,37,32,9,22.0%,5.0%,13.5%,2,5,1960,3,1,1,3,4,3,10,7,8,,,,,,,,,,,,,,,,,,,,,,,,,,,,,,,,,,,,,,,,,,,,,,69954.76953125,1431.07923578943
210,358,257a5190-10ce-4a29-b6ae-fe2672b205a1,Holme Circle,Lower Far NE,Holme/JoeyStamford,2899 Holme Avenue,19152,2016,"56,000",,"30,000",36,,19,33,3,8.3%,,0.0%,1,2,1960,1,,1,2,3,2,7,,6,,,,,,,,,,,,,,,,,,,,,,,,,,,,,,,,,,,,,,,,,,,,,,69540.55859375,1304.77875810138
211,378,497d01b0-b48f-4e9a-8914-3111f295c780,Philmont Shopping Center,Upper Far NE,Rennard/HendrixTomlinson,11000 Rennard Avenue,19116,2016,"52,000",,"40,000",16,,24,15,1,6.3%,,16.7%,1,3,1970,1,,2,2,2,4,8,,10,,,,,,,,,,,,,,,,,,,,,,,,,,,,,,,,,,,,,,,,,,,,,,53646.30078125,1232.0548743168
212,366,510817e1-3803-46f0-b0fd-ca7e8d9b2e66,Krewstown Center,Upper Far NE,Krewstown/WelshBloomfield,9353 Krewstown Road,19115,2016,"223,000","307,000","130,000",45,52,48,32,13,28.9%,12.0%,10.4%,2,5,1960,3,1,1,3,2,2,7,6,6,,,,,,,,,,,,,,,,,,,,,,,,,,,,,,,,,,,,,,,,,,,,,,248699.2421875,2994.06154762241
213,382,3b2bf07d-e8af-4eac-8a98-446029aab18c,Philmont and Byberry,Upper Far NE,Byberry/BlakesleePhilmont,151 Byberry Road,19116,2016,"29,500",,"15,000",17,,16,12,5,29.4%,,6.3%,1,2,1980,3,,1,2,2,3,7,,6,,,,,,,,,,,,,,,,,,,,,,,,,,,,,,,,,,,,,,,,,,,,,,25963.09375,782.721170347952
214,353,2568437d-8632-456a-9601-d2ea7ccc8488,Academy Plaza,Lower Far NE,Red Lion/CaleraAcademy,3221 Red Lion Road,19114,2016,"176,000","112,000","105,000",42,46,40,37,5,11.9%,7.0%,7.5%,2,3,1960,1,1,1,1,1,2,4,4,5,,,,,,,,,,,,,,,,,,,,,,,,,,,,,,,,,,,,,,,,,,,,,,109583.02734375,2108.12499770087
215,375,05306cd5-d616-428f-8f64-02b026284d3a,Red Lion & Verree,Upper Far NE,Red Lion/VerreeBridle,10000 Verree Road,19116,2016,"53,000",,"40,000",33,,39,28,5,15.2%,,7.7%,1,5,1950,1,,4,2,2,2,6,,6,,,,,,,,,,,,,,,,,,,,,,,,,,,,,,,,,,,,,,,,,,,,,,58271.17578125,1121.2822647449
216,372,04c46cb4-38c5-4bb9-a1fa-4d9dcb553cdb,American Heritage Center,Upper Far NE,Red Lion/JamisonCSX,2040 Red Lion Road,19116,2016,"105,000",,"105,000",2,,1,2,0,0.0%,,0.0%,3,3,1980,1,,1,1,1,2,4,,4,,,,,,,,,,,,,,,,,,,,,,,,,,,,,,,,,,,,,,,,,,,,,,73981.94140625,1181.72818635269
217,360,41108a45-4c6e-4707-8685-fa7c4d026554,Welsh and the Boulevard,Lower Far NE,MichenerTremont/Blue GrassBeyer,9101 E Roosevelt Boulvard,19114,2016,"541,000","588,000","425,000",116,111,109,100,16,13.8%,7.2%,11.0%,3,5,1950,4,1,1,3,2,2,7,6,5,,,,,,,,,,,,,,,,,,,,,,,,,,,,,,,,,,,,,,,,,,,,,,533774.14453125,4003.12155582276
218,194,605c9ea4-83e1-424a-a502-640cc9fdef6d,Kensington and Somerset,River Wards,Kensington/OrleansTusculum,2801 Kensignton Avenue,19134,2014,"100,000","124,000","110,000",72,82,78,46,26,36.10%,39.00%,35.90%,1,1,1900,3,1,3,4,4,4,12,11,12,,,,,,,,,,,,,,,,,,,,,,,,,,,,,,,,,,,,,,,,,,,,,,95430.41015625,1948.59015135894
219,342,0c8aa07d-11b8-4713-b2d1-ea709914835f,Frankford and Megargee,N Delaware,Frankford/ElliePennypack,8900 Frankford Ave,19136,2015,"250,000","356,000","230,000",56,55,51,51,5,8.90%,7.00%,5.90%,3,5,1950,1,1,1,2,2,2,6,5,5,,,,,,,,,,,,,,,,,,,,,,,,,,,,,,,,,,,,,,,,,,,,,,238857.41015625,2561.84104116741
220,344,db8e0831-27ae-471b-a4fc-d7f2ffe9557d,Frankford and Linden,N Delaware,Frankford/ArendellLinden ,9200 Frankford Ave,19114,2015,"75,000","76,000","75,000",24,25,30,20,4,16.70%,8.00%,3.30%,2,5,1950,1,1,1,2,2,2,6,6,6,,,,,,,,,,,,,,,,,,,,,,,,,,,,,,,,,,,,,,,,,,,,,,54040.68359375,1136.29980527351
221,346,1ac751c2-1618-40c0-9b45-3b8aafb7c80e,Del-Air Shopping Center,N Delaware,StateAMTRAK/ConventPearson,9440 State Road,19114,2015,"24,000","24,000","15,000",14,13,12,12,2,14.30%,8.00%,8.30%,1,3,1980,1,1,1,2,2,3,7,7,6,,,,,,,,,,,,,,,,,,,,,,,,,,,,,,,,,,,,,,,,,,,,,,56337.11328125,1287.32706681886
222,347,b9bc5aa9-72fc-4f14-9ce0-df13bc8fd87f,Morrell Plaza and Park Center,Lower Far NE,Frankford/PoquessingMorrell,9902 Frankford Ave,19114,2015,"130,000","171,000","115,000",42,40,36,35,7,16.70%,10.00%,8.30%,2,3,1960,4,1,1,2,1,1,4,5,5,,,,,,,,,,,,,,,,,,,,,,,,,,,,,,,,,,,,,,,,,,,,,,175723.546875,2779.2848643986
223,59,88310ebe-7753-49d2-af1c-c6035be2b270,International Airport,Lower SW,Terminals AF,8500 Essington Avenue,19153,2015,"183,000",,"100,000",180,,140,180,0,0.00%,,,6,4,1990,4,,4,1,1,1,3,,4,,,,,,,,,,,,,,,,,,,,,,,,,,,,,,,,,,,,,,,,,,,,,,1984611.8515625,6660.66837040895
224,53,a2160ce5-f52e-40c5-91fc-5f6b301167a6,Broad and South,Central,12th16th/SpruceCatharine,601 S. Broad Street,19146,2012,"230,000","104,900","46,000",160,73,76,121,39,24.40%,28.80%,42.00%,2,5,1910,4,4,4,2,2,2,6,11,12,,,,,,,,,,,,,,,,,,,,,,,,,,,,,,,,,,,,,,,,,,,,,,716203.42578125,3393.5417065367
225,114,901dd0df-6e5f-4910-9164-6abc8a01400a,60th and Girard,West,59th61st/ThompsonCallowhill,"6000 Haverford Avenue
",19151,2017,"40,000","53,000","45,000",40,37,39,28,12,"30.0%
",22.0%,74.4%,1,1,1910,1,3,3,3,4,4,11,11,12,,,,,,,,,,,,,,,,,,,,,,,,,,,,,,,,,,,,,,,,,,,,,,77655.86328125,1773.43103033969
226,177,86bde59a-5123-4085-8ae1-2fb8493d7985,Broad and Allegheny,North,Broad/RisingSunToronto,3137 N. Broad Street,19132,2016,"45,000",,,26,,,25,1,3.8%,,,1,5,2000,4,,,2,3,2,7,,,,,,,,,,,,,,,,,,,,,,,,,,,,,,,,,,,,,,,,,,,,,,,,78177.234375,1702.72984286772
227,186,01cdd0e6-6afe-4e0c-bfa0-330974431050,5th and Allegheny,North,Allegheny/2nd5th,300 W Allegheny Avenue,19133,2016,"35,000",,,17,,,16,1,5.9%,,,1,5,1940,4,,,3,2,3,8,,,,,,,,,,,,,,,,,,,,,,,,,,,,,,,,,,,,,,,,,,,,,,,,185437.55859375,2612.5961354982
228,184,8b3c57a6-c11d-45a4-9bf7-fe72543b45dc,C and Allegheny,North,Lehigh/DtoB,338 E Allegheny,19134,2016,"45,000",,,17,,,16,1,5.9%,,,1,5,1910,4,,,2,3,3,8,,,,,,,,,,,,,,,,,,,,,,,,,,,,,,,,,,,,,,,,,,,,,,,,70592.14453125,1381.1436864016
229,233,0daf6cad-d154-4652-9c2c-2c9cf55f7556,Falls Center/EPPI,Lower NW,Henry/RobertsIndian Queen,3300 Henry Avenue,19129,2014,"10,000",,,,,,,,,,,6,4,1960,,,,,,,,,,,,,,,,,,,,,,,,,,,,,,,,,,,,,,,,,,,,,,,,,,,,,,,110013.32421875,1324.57106203968
230,112,2dbe8503-ce1f-4465-a631-1b6d2b790569,65006800 Haverford Ave,West Park,Haverford/65th68th,6601 Haverford Avenue,19151,2017,"125,000","155,000","88,000",35,55,33,29,6,"17.1%
",16.4%,9.10%,2,5,1910,1,1,1,3,2,1,6,6,6,,,,,,,,,,,,,,,,,,,,,,,,,,,,,,,,,,,,,,,,,,,,,,147909.453125,2095.49129107993
231,108,0d5fd175-69ce-41fc-af25-e0bab0d55925,Overbrook Station,West Park,63rd/CityAveSherwood,"2125 North 63rd Street
",19082,2017,"20,000","20,000","20,000",12,,,11,1,"8.3%
",,,1,1,1920,1,,,2,2,2,6,6,6,,,,,,,,,,,,,,,,,,,,,,,,,,,,,,,,,,,,,,,,,,,,,,53410.2265625,1020.45731045203
232,239,c3b6a083-5abb-449a-998d-34f33d298210,Chew and Phil Ellena,Upper NW,Chew/Slocum-Sharpnack,6701 Chew Avenue,19119,2017,"22,000","10,000","10,000",19,,,16,3,15.80%,,,1,1,1920,4,,,3,3,2,8,,,,,,,,,,,,,,,,,,,,,,,,,,,,,,,,,,,,,,,,,,,,,,,,83706.2109375,1418.57403928244
233,236,62569d03-f346-4178-9006-828af7baa9dd,The Shoppes at LaSalle,Upper NW,Chew/20th-Church Lane,5305 Chew Avenue,19138,2017,"65,000",0,0,11,,,9,2,18.20%,,,2,3,2000,1,,,1,1,2,4,,,,,,,,,,,,,,,,,,,,,,,,,,,,,,,,,,,,,,,,,,,,,,,,68979.2890625,1145.06462270812
234,279,e7bb0119-06f6-493b-bc44-1363455245b6,Rising Sun Avenue/Olney,Upper North,Rising Sun/OlneyAshdale,5301 Rising Sun Avenue,19120,2016,"90,000","92,000","40,000",26,36,27,22,4,15.4%,6.0%,22.2%,2,5,1950,1,1,1,3,3,2,8,7,7,,,,,,,,,,,,,,,,,,,,,,,,,,,,,,,,,,,,,,,,,,,,,,120534.234375,2724.35384647397
235,244,05fd1814-2886-4447-858c-0cc05b2491fb,Rising Sun and Wyoming,North,Rising Sun/BoulevardLuray,4701 Rising Sun Avenue,19120,2016,"130,000","111,000","90,000",78,78,78,70,8,10.3%,,32.1%,2,5,1920,1,,3,3,2,2,7,,8,,,,,,,,,,,,,,,,,,,,,,,,,,,,,,,,,,,,,,,,,,,,,,131280.44921875,2136.60093142164
236,262,5cfd67a1-bffb-443c-804c-ff3e363481c0,Stenton and Mt. Airy,Upper North,Stenton/Sedgwick-Allens,8235 Stenton Avenue,19150,2016,"45,000","42,000","42,000",30,28,27,25,5,16.7%,,0.0%,1,5,1950,3,,1,2,2,2,6,,5,,,,,,,,,,,,,,,,,,,,,,,,,,,,,,,,,,,,,,,,,,,,,,86780.56640625,1636.62576990427
237,260,ef11d297-6181-4f6e-bad6-fe26a4db06a1,Stenton and Washington Lane,Upper North,Stenton/Mansfield-Barringer,7201 Stenton Avenue,19138,2016,"160,000","186,000","140,000",68,66,63,60,8,11.8%,7.6%,1.6%,2,5,1950,1,1,1,2,1,2,5,7,6,OARC,,OARC,,,,,,,,,,,,,,,,,,,,,,,,,,,,,,,,,,,,1531000,2531000,,,,,,181278.94921875,2617.85786933834
238,264,95e38229-afc0-48aa-b8ba-fa437df11991,Vernon Road,Upper North,Vernon/MichenerFayette,1431 Vernon Road,19150,2016,"20,000","20,000","20,000",17,16,14,13,4,23.5%,,42.9%,1,1,1940,4,,3,3,3,3,9,,10,,,,,,,,,,,,,,,,,,,,,,,,,,,,,,,,,,,,,,,,,,,,,,17319.5078125,566.714421399856
239,263,53c8bd0a-7021-41d4-9b60-35d9c480bdb4,Wadsworth Avenue,Upper North,Wadsworth/CheltenhamMichener,1600 Wadsworth Avenue,19150,2016,"165,000","167,000","130,000",79,81,77,69,10,12.7%,6.0%,5.2%,2,5,1950,1,1,1,2,1,1,4,7,4,OARC,,OARC,,,,,,,,,,,,,,,,,,,,,,1,6260,,,,,,,,,,,75000,75000,,,,,,,,100556.1875,1736.04758971075
240,245,12cf55bc-9164-4e67-852a-94bda2e52580,D and Wyoming,North,Wyoming/D to C,461 E. Wyoming Avenue,19120,2016,"45,000","45,000","40,000",44,42,40,38,6,13.6%,,27.5%,1,1,1910,1,,3,4,3,2,9,,9,,,,,,,,,,,,,,,,,,,,,,,,,,,,,,,,,,,,,,,,,,,,,,82198.67578125,1781.23426262942
241,172,d06efcf0-f595-4a56-b28f-b091d1d4c71b,20th and Hunting Park,North,HuntingParkAve/18thWissahickon,2001 W Hunting Park Ave,19140,2016,"60,000","52,800","30,000",35,6,5,29,6,17.1%,33.0%,0.0%,1,5,1960,4,3,,3,4,3,10,12,,,,,,,,,,,,,,,,,,,,,,,,,,,,,,,,,,,,,,,,,,,,,,,303130.65625,3420.72741786586
242,174,0185614e-d04e-4022-a567-7f872f3ebe6c,Broad and Hunting Park,North,Broad/BelfieldKerbaugh,4322 N. Broad Street,19140,2016,"175,000","205,000","50,000",50,67,24,36,14,28.0%,19.0%,12.5%,2,5,1920,1,4,1,3,3,2,8,8,9,,,,,,,,,,,,,,,,,,,,,,,,,,,,,,,,,,,,,,,,,,,,,,347931.6640625,3308.04186218324
243,196,5defc307-944f-4279-b995-5a56ed451e51,Frankford and Allegheny ,River Wards,Frankford/WestmorelandOrleans,3141 Frankford Avenue,19134,2014,"80,000","175,000","85,000",49,81,69,36,13,26.50%,29.60%,46.40%,1,1,1910,3,1,3,3,4,3,10,9,9,,,,,,,,,,,,,,,,,,,,,,,,,,,,,,,,,,,,,,,,,,,,,,85594.1640625,2324.39260756003
244,197,33f9e67f-fab6-4086-ab24-f1a38261b618,Kensington and Allegheny,River Wards,Kensington/OntarioOrleans,861 E. Allegheny Avenue,19134,2014,"300,000","400,000","260,000",205,268,196,159,46,22.40%,28.40%,25.00%,3,1,1910,3,3,3,3,3,3,9,8,9,Impact CDC,,Impact CDC,,TCMP,75000,TCMP,75000,TCMP,75000,TCMP,75000,TCMP,75000,,,Corridor Cleaning Program,40000,Corridor Cleaning Program,50000,Corridor Cleaning Program,40000,2,20000,1,7609,1,10645,,,,,,,,,211900,211900,,,,1333333,,,,205342.765625,3978.83246217464
245,330,22caffb9-df40-4f03-a37d-098b231eb87b,Frankford Ave - Mayfair,N Delaware,Frankford/LansingTyson,7301 Frankford Avenue,19136,2015,"350,000","446,000","320,000",219,207,217,196,23,10.50%,8.00%,9.70%,3,5,1930,1,1,1,2,2,2,6,5,6,Mayfair CDC,Mayfair BID,Mayfair CDC,,,,,,,,,,,,,,,,,,,,,,1,3597,1,3453,,,2,12458,,,,,380115,1505115,,,,,,,,210790.703125,4875.55392697849
246,341,3df1ef7a-4074-4eb6-b300-ef2724797b1b,Torresdale Ave - Holmesburg,N Delaware,Torresdale/AshburnerTolbut,8601 Torresdale Ave,19136,2015,"50,000","143,000","130,000",7,5,6,7,0,0.00%,60.00%,50.00%,1,2,1970,3,3,1,3,3,4,10,10,6,,,,,,,,,,,,,,,,,,,,,,,,,,,,,,,,,,,,,,,,,,,,,,95299.90234375,3074.97871102137
247,331,1c7d70d3-fd8f-4095-a589-e143a08ad9a8,Frankford Ave - Holmesburg,N Delaware,Frankford/SollyLansing,8000 Frankford Avenue,19136,2015,"120,000",,"130,000",82,,82,75,7,8.50%,,15.80%,2,5,1910,1,,3,2,2,2,6,,7,,,,,,,,,,,,,,,,,,,,,,,,,,,,,,,,,,,,,,,,,,,,,,117034.3828125,2967.65366324846
248,340,55761afe-ef50-4081-8b44-41e16c325b7e,Holmesburg Shopping Center,N Delaware,8400 Frankford Avenue,8445 Frankford Ave,19136,2015,"70,000","64,000","35,000",19,18,13,17,2,10.50%,11.00%,15.40%,2,3,1950,1,4,1,2,2,2,6,5,5,,,,,,,,,,,,,,,,,,,,,,,,,,,,,,,,,,,,,,,,,,,,,,58110.07421875,1586.97086484478
249,178,aa1fd03f-203f-4bd6-98cf-bfeac54e6a32,"5th, Erie, and Rising Sun",North,PikeErie/5th8th,3739 N. 6th Street,19140,2016,"65,000",,,51,,,48,3,5.9%,,,1,1,1920,1,,,3,2,2,7,,,,,,,,,,,,,,,,,,,,,,,,,,,,,,,,,,,,,,,,,,,,,,,,174021.60546875,1875.99677354998
250,173,707364af-af99-49bd-86d9-363b1a99a98e,Germantown/Nicetown,North,Germantown/Staub-Cayuga,4222 Germantown Avenue,19140,2016,"72,000","57,000","55,000",53,32,37,37,16,30.2%,28.0%,29.7%,1,1,1960,1,3,,2,3,4,9,9,,Nicetown CDC,,Nicetown CDC,,,,,,,,,,,,,,Corridor Cleaning Program,30000,Corridor Cleaning Program,20000,,,,,,,,,,,,,,,,,,,,,,,"Nicetown Court, Nicetown Econ Dev Strategic Plan",Nicetown Court II,,89776.08984375,1563.87283850717
251,176,e66050b0-4a28-4a5c-be54-6f3fcdc4b518,"Broad, Germantown, and Erie",North,KerbaughRisingSun/Germantown15th,3701 Germantown Avenue,19140,2016,"260,000","278,000","265,000",185,211,183,147,38,20.5%,21.0%,12.0%,3,1,1910,3,1,,2,3,3,8,8,,"Office of Business  Services, Called to Serve CDC",,,,,,,,,,,,,,,,,,,,,,,,,,,,,,1,12000,,,1,50000,,,69000,300000,,,,CLS Office,,335911.07421875,4138.37353058817
252,185,b2f92caa-433d-4911-9445-77d78971cf8d,Front and Allegheny,North,OntarioClearfield/EllaMascher,3200 N. Front Street,19134,2016,"140,000","148,000","85,000",114,118,93,89,25,21.9%,28.0%,20.4%,2,1,1910,1,1,,3,3,2,8,8,,HACE,,,,,,,,,,TCMP,50000,TCMP,50000,,,,,,,Corridor Cleaning Program,,,,,,,,,,,,,,,,,,,,,,,,,151304.79296875,2684.38213181464
253,220,3c291ad6-10c1-43d4-acb1-7e9b1c99fe48,Chestnut Hill,Upper NW,Germantown/Bethlehem-Cresheim,8400 Germantown Avenue,19118,2017,"500,000","535,000","310,000",260,252,202,230,30,11.50%,5.00%,5.00%,3,5,1880,1,1,1,2,1,1,4,3,3,Chestnut Hill Business Association,Chestnut Hill District,Chestnut Hill CDC,,,,,,,,,,,,,,,,,,,,1,7825,,,,,,,,,,,,,51662,51662,,,,,,,,748117.73046875,6517.52831143264
254,228,686c1c6d-7590-4076-a3e8-17328fdc942c,Central Germantown,Upper NW,High-Coulter/Morton-Morris,68 West Chelten Avenie,19144,2017,"800,000","1,015,000","550,000",307,322,270,239,68,22.10%,13.00%,12.00%,3,1,1920,3,1,4,2,3,3,8,8,6,"Germantown United CDC, Germantown Special Services District",Germantown Special Services District,,,,,,,,,TCMP,75000,TCMP,75000,,,,,,,,,3,39775,2,19400,1,1125,2,7859,2,18800,2,84533,3,134533,,,331700,331700,3310000,3680000,,,,1282894.92578125,7177.24503548873
255,232,e963acaf-12c1-4d68-aa3e-d2a632321026,Wayne/Manheim-Wyneva,Upper NW,Wayne/Manheim-Wyneva,4943 Wayne Avenue,19144,2017,"45,000","89,000","40,000",42,50,48,31,11,26.20%,22.00%,14.60%,1,1,1900,3,3,1,3,3,3,9,11,9,Office of Business Services,,,,,,,,,,,,,,,,,,,,,,,,2,8689,,,,,,,,,,,,,,,,,,,,122398.73828125,1569.78447504983
256,235,d7f507c4-7efc-45b3-8525-fc14ff9d5e56,Germantown/Coulter-Logan,Upper NW,Germantown/Coulter-Logan,5100 Germantown Avenue,19144,2017,"175,000","174,000","85,000",97,97,83,71,26,26.80%,23.00%,13.40%,2,1,1890,1,4,4,2,3,2,7,10,10,Office of Business  Services,,,,,,,,,,,,,,,,,,,,,,,,,,,,,,1,12000,,,1,50000,,,3290000,3290000,,,,,,357750.4921875,3723.98905127271
257,237,7fc30c53-338a-481c-981a-f5817c855206,Chew and Chelten,Upper NW,Chew/Price-Locust,744 East Chelten Avenue,19144,2017,"90,000","125,000","40,000",49,67,43,31,18,36.70%,24.00%,23.30%,1,1,1900,3,3,1,3,4,3,10,9,8,Office of Business Services,,,,,,,,,,,,,,,,,,,,,,,,,,,,,,,,,,,,,,,,,,,,,150709.58984375,1970.71999482826
258,240,6e0ec993-5a46-4f65-8f3c-de17a908969d,Broad and Logan/Wyoming,Upper North,Broad/WagnerBelfield,4827 N. Broad Street,19141,2016,"300,000","368,000","200,000",160,191,153,123,37,23.1%,30.0%,19.0%,2,5,1900,1,3,1,3,3,2,8,8,7,Office of Business  Services,,,,TCMP,75000,TCMP,75000,TCMP,75000,,,,,Corridor Cleaning Program,60000,Corridor Cleaning Program,45000,Corridor Cleaning Program,37500,,,,,2,15543,,,,,1,775,,,,,,,,,,,,,WES Corp Lindley Court,245947.87109375,3572.27769039915
259,249,dc62a6ce-afbd-4435-9daa-dad2539083d1,5th and Lindley,Upper North,5th/SEPTARockland,5060 N. 5th Street,19120,2016,"215,000","217,000","130,000",118,121,114,97,21,17.8%,10.0%,13.2%,2,1,1920,1,4,4,2,2,3,7,6,7,"N. 5th Street Project, Korean Comm Dev Srvcs Ctr",,,,,,TCMP,55000,TCMP,55000,TCMP,60000,TCMP,60000,,,Corridor Cleaning Program,20000,Corridor Cleaning Program,20000,Corridor Cleaning Program,,,,4,40000,,,1,11218,,,,,,,,,,,,,N5thSt Econ Dev Strategic Plan,,,159427.29296875,2500.21017989533
260,250,39f951a7-9255-4021-be69-ee53f48b7291,5th and Olney,Upper North,5th/NedroSomerville,"5601 N. 5th Street
5601 N. 5th Street",19120,2016,"275,000","295,000","225,000",215,213,196,194,21,9.8%,4.0%,7.6%,3,1,1910,1,2,1,2,2,2,6,5,5,"N. 5th Street Project, Korean Comm Dev Srvcs Ctr",,,,TCMP,75000,TCMP,55000,TCMP,55000,TCMP,60000,TCMP,60000,Corridor Cleaning Program,38771,Corridor Cleaning Program,20000,Corridor Cleaning Program,20000,Corridor Cleaning Program,40000,2,13562,,,2,14680,2,5493,1,2680,,,,,,,,,,,,,,170147.65234375,3084.7565169312
261,251,2766616f-fca5-4cf5-8249-b436ef9c5de2,5th & Spencer,Upper North,5th/GodfreyNedro,"6021  N. 5th Street
6021  N. 5th Street",19120,2016,"40,000","91,000","40,000",38,44,39,29,9,23.7%,7.0%,5.2%,2,1,1910,1,3,1,2,2,2,6,7,6,,,,,,,,,,,,,,,,,,,,,,,,,,,,,,,,,,,,,,,,,,,,,,68976.53125,1966.4521673359
262,273,bee50907-ebe3-4aeb-a398-f1809406668a,Old York Road and Oak Lane,Upper North,Broad/69th AveMedary,6601 N. Broad Street ,19126,2016,"160,000","160,000","70,000",63,64,51,51,12,19.0%,20.0%,25.5%,2,5,1930,1,1,,3,3,3,9,8,8,,,,,,,,,,,,,,,,,,,,,,,,,,,,,,,,,,,,,,,,,,,,,,331030.52734375,3676.81143005224
263,348,28644271-c2cc-47bb-9a07-db73f7f672c7,Knights Road Center and Vicinity,Lower Far NE,Knights/WoodhavenFairdale,4000 Woodhaven Road,19154,2016,"100,000","105,000","85,000",22,30,29,19,3,13.6%,17.0%,10.3%,2,5,1960,1,1,4,2,2,2,6,5,5,,,,,,,,,,,,,,,,,,,,,,,,,,,,,,,,,,,,,,,,,,,,,,143171.78125,1950.37843899733
264,350,c8d0a764-cf61-41fb-8c24-97b3303d5ef5,Philadelphia Mills,Lower Far NE,Woodhaven/Knights/Franklin Mills Cir,1455 Franklin Mills Circle,19154,2016,"2,400,000","2,230,000","2,585,000",239,240,298,206,33,13.8%,11.7%,10.1%,5,3,1980,4,1,2,1,2,2,5,4,3,,,,,,,,,,,,,,,,,,,,,,,,,,,,,,,,,,,,,,,,,,,,,,2196967.4453125,6895.99038999414
265,384,bbff4a9a-fb07-41f5-beac-875e63301eaf,Bustleton and Philmont,Upper Far NE,Bustleton/County Line/Petoni,14425 Bustleton Avenue,19116,2016,"215,000",,"45,000",47,,28,43,4,8.5%,,21.4%,2,2,1960,2,,2,2,2,2,6,,6,,,,,,,,,,,,,,,,,,,,,,,,,,,,,,,,,,,,,,,,,,,,,,296157.66796875,3154.76321464996
266,98,bdd391bd-9686-45c1-bcea-68c3209e4e39,56th and Spruce,West,56th/SprucePine,311 South 56th Street,19139,2017,"12,000","11,000","10,000",12,,13,9,3,"25.0%
",,,1,1,1910,3,,1,2,3,4,9,,7,,,,,,,,,,,,,,,,,,,,,,,,,,,,,,,,,,,,,,,,,,,,,,18023.125,737.610112847045
267,163,b5844336-132f-4b74-888d-c0bcf0b99c7b,31st and Norris,,,,,,,,,,,,,,,,,,,,,,,,,,,,,,,,,,,,,,,,,,,,,,,,,,,,,,,,,,,,,,,,,,,,,,,,,,34897.75,1123.98573684402
268,132,77808665-f61d-4f85-b546-3e10982580e9,35th and Haverford,West,Haverford/34th37th,3423 Haverford,19104,2017,"15,000","122,000","15,000",12,59,12,8,4,"33.3%
","44.0%
",33.3%,1,1,1900,3,1,3,3,4,4,11,11,12,,,,,,,,,,,,,,,,,,,,,,,,,,,,,,,,,,,,,,,,,,,,,,77368.0625,1464.09396859256
269,106,e926e033-e28e-4cfb-9599-a0f9f83c86d7,63rd and Market,West,61st63rd/RaceChestnut,6251 Market Street,19139,2017,"85,000","100,000","65,000",48,56,47,27,21,"43.8%
",50.0%,27.7%,1,5,1910,3,3,3,2,4,4,10,12,11,,,,,,,,,,,,,,,,,,,,,,,,,,,,,,,,,,,,,,,,,,,,,,116514.61328125,2402.89626009208
270,117,85301901-de42-4be0-81c1-b8c1075e3bce,52nd and Haverford,West,Haverford/Paxon53rd,"5201 Haverford
",19139,2017,"25,000","48,000","20,000",25,27,28,18,7,"28.0%
","22.0%
","32.1%
",1,1,1910,1,3,3,2,4,4,10,11,8,,,,,,,,,,,,,,,,,,,,,,,,,,,,,,,,,,,,,,,,,,,,,,62747.390625,1389.47915647067
271,94,003dc763-4170-46c3-b2f6-1dad54190adf,52nd and Cedar,West,52nd Street/PineCatharine,531 South 52nd Street,19143,2017,"80,000","62,000","55,000",50,45,47,33,17,"34.0%
",24.0%,31.9%,1,1,1920,3,3,3,1,3,3,7,9,9,,,,,,,,,,,,,,,,,,,,,,,,,,,,,,,,,,,,,,,,,,,,,,71471.94921875,1435.17725242048
272,92,6b09ee34-7787-4ba2-9075-60140c532b05,52nd Street,West,50th54th/ArchPine,101 South 52nd Street,19139,2017,"450,000","560,000","445,000",282,344,312,210,72,"25.5%
",22.0%,"18.6%
",3,1,1910,3,1,1,2,3,2,7,5,6,The Enterprise Center CDC,,,,,,,,,,TCMP,75000,TCMP,75000,Corridor Cleaning Program,75000,Corridor Cleaning Program,50000,Corridor Cleaning Program,60000,Corridor Cleaning Program,50000,,,11,158377,16,200261,6,44468,,,,,,,1003995,1003995,540000,550000,100000,100000,The Welc Ctr Economic Dev Strategic Plan,,,433249.08203125,4084.32241368724
273,97,8489bdee-1927-46e1-a227-d0bb3127f69b,56th and Cedar,West,56th/CedarWebster,633 South 56th Street,19143,2017,"12,000","19,000","15,000",12,20,18,9,3,"25.0%
",50.0%,61.1%,1,1,1910,3,3,3,3,4,4,11,10,9,,,,,,,,,,,,,,,,,,,,,,,,,,,,,,,,,,,,,,,,,,,,,,30763.72265625,845.627857717033
274,99,250ce8f2-f371-47a0-b01f-1985f3a83b14,56th and Market ,West,54th58th/MarketWalnut,5601 Chestnut Street,19139,2017,"155,000","170,000","48,000",65,110,34,46,19,29.2%,,"11.8%
",2,5,2000,4,3,1,2,2,2,6,10,9,,,,,,,,,,,,,,,,,,,,,,,,,,,,,,,,,,,,,,,,,,,,,,376084.67578125,3308.35619307983
275,103,d3c9304f-fd38-4fc2-bbd7-a0fd3bd25014,60th and Market,West,59th61st/ArchSpruce,101 South 60th Street,19139,2017,"250,000","270,000","230,000",188,202,252,115,63,33.5%,"36.0%
",31.0%,2,1,1910,3,3,3,2,3,3,8,9,7,Partnership CDC & Achievability,,Partnership CDC & Achievability,,TCMP,75000,TCMP,75000,TCMP,75000,,,,,Corridor Cleaning Program,40000,Corridor Cleaning Program,30000,Corridor Cleaning Program,30000,Corridor Cleaning Program,27500,1,8000,1,6274,6,46675,7,56458,15,121663,,,,,,,,,,,,,,220689.80078125,3922.30345514262
276,105,addfd9a9-bf16-4a75-bbf5-fc9eb61f3868,60th and Cedar,West,S 60th/SpruceCatharine,539 South 60th Street,19143,2017,"75,000","90,000","106,000",74,,107,42,32,43.2%,,51.4%,1,1,1920,3,,3,2,3,3,8,,11,,,,,,,,,,,,,,,,,,,,,,,,,,,,,,,,,,,,,,,,,,,,,,111550.53125,1983.56103281668
277,113,210128e2-4f4b-411d-b8bc-2414495fefc6,63rd and Girard,West,63rd64th/MediaRace,500 North 63rd Street,19151,2017,"85,000","115,000","60,000",58,73,37,45,13,"22.4%
",15.0%,"8.1%
",1,5,1920,3,1,3,3,3,3,9,9,9,,,,,,,,,,,,,,,,,,,,,,,,,,,,,,,,,,,,,,,,,,,,,,253439.484375,3082.9512732904
278,227,08e554e1-1a9f-4f2e-a3d5-1538fdc7acf9,Carpenter/McCallum-Sherman,Upper NW,Carpenter/McCallum-Sherman,550 Carpenter Lane,19119,2017,"24,000","10,000","10,000",15,,,12,3,20.00%,,,1,1,1920,4,,,3,2,2,7,,,,,,,,,,,,,,,,,,,,,,,,,,,,,,,,,,,,,,,,,,,,,,,,50614.46875,932.043493288361
279,234,013acdc4-d12a-4faf-94a7-00a94b72124d,Wayne Junction,Upper NW,Germantown-Wayne/Cayuga-Logan,4518 Germantown Avenue,19144,2017,"30,000",,,12,,,11,1,8.3%,,,1,5,1900,4,,,2,3,3,8,,,,,,,,,,,,,,,,,,,,,,,,,,,,,,,,,,,,,,,,,,,,,,,,436803.5859375,4098.90884486284
