lat,lng,name,type,grade
39.9878565379559,-75.23146859453509,LABORATORY CHARTER SCHOOL OF COMMUNICATIONS/DESIGN (ANNEX),CHARTER,ELEMENTARY/MIDDLE
39.988180899727,-75.2430437606572,LABORATORY CHARTER SCHOOL OF COMMUNICATIONS/DESIGN (ANNEX),CHARTER,ELEMENTARY SCHOOL
40.0807023824213,-74.9878482048175,"LA BRUM, GENERAL J. HARRY",DISTRICT,MIDDLE SCHOOL
39.9707322443329,-75.2055509793296,BELMONT ACADEMY CHARTER SCHOOL,CHARTER,ELEMENTARY SCHOOL
40.1048749663119,-75.01711570126629,PHILADELPHIA ACADEMY CHARTER SCHOOL,CHARTER,HIGH SCHOOL
39.978688461377004,-75.1613770301658,ALLIANCE FOR PROGRESS CHARTER SCHOOL (ANNEX),CHARTER,ELEMENTARY SCHOOL
39.9502520000276,-75.15233599995742,CONSTITUTION HIGH SCHOOL,DISTRICT,HIGH SCHOOL
39.9944190479345,-75.1148200223767,RUSSELL H. CONWELL SCHOOL,DISTRICT,MIDDLE SCHOOL
40.025526000187504,-75.1460740001465,JAY COOKE SCHOOL,DISTRICT,ELEMENTARY/MIDDLE
40.0224720000888,-75.2068019997144,COOK-WISSAHICKON SCHOOL,DISTRICT,ELEMENTARY/MIDDLE
40.0026291206135,-75.12993625036741,WILLIAM CRAMP SCHOOL,DISTRICT,ELEMENTARY SCHOOL
39.93941992019921,-75.16548375023379,HIGH SCHOOL FOR CREATIVE AND PERFORMING ARTS SCHOOL,DISTRICT,HIGH SCHOOL
40.0621902887023,-75.0813314616159,KENNEDY C. CROSSAN SCHOOL,DISTRICT,ELEMENTARY SCHOOL
40.058406820418895,-75.1683346406611,ANNA B. DAY SCHOOL,DISTRICT,ELEMENTARY/MIDDLE
39.9927516402774,-75.1386274300872,JULIA DE BURGOS SCHOOL,DISTRICT,ELEMENTARY/MIDDLE
40.095818000413296,-74.9705349994652,STEPHEN DECATUR SCHOOL,DISTRICT,ELEMENTARY/MIDDLE
39.9867299995588,-75.17378700035209,WILLIAM DICK SCHOOL,DISTRICT,ELEMENTARY/MIDDLE
40.0283691102385,-75.0465890400023,HAMILTON DISSTON SCHOOL,DISTRICT,ELEMENTARY/MIDDLE
39.9951425235826,-75.1668959217613,MURRELL DOBBINS CAREER AND TECHNICAL HIGH SCHOOL,DISTRICT,HIGH SCHOOL
40.031475359549496,-75.2306716306961,JAMES DOBSON SCHOOL,DISTRICT,ELEMENTARY/MIDDLE
39.9853056434017,-75.1589535680948,TANNER G. DUCKREY SCHOOL,DISTRICT,ELEMENTARY/MIDDLE
39.9794877297917,-75.1541697395967,PAUL L. DUNBAR SCHOOL,DISTRICT,ELEMENTARY/MIDDLE
40.011854510011894,-75.1294424968469,THOMAS A. EDISON HIGH SCHOOL,DISTRICT,HIGH SCHOOL
40.072961257233096,-75.1709998691682,FRANKLIN S. EDMONDS SCHOOL,DISTRICT,ELEMENTARY/MIDDLE
39.9970180005438,-75.12127399937779,LEWIS ELKIN SCHOOL,DISTRICT,ELEMENTARY SCHOOL
40.0550249498537,-75.1385380940791,ELLWOOD SCHOOL,DISTRICT,ELEMENTARY SCHOOL
40.054362890236604,-75.1779057294733,ELEANOR C. EMLEN SCHOOL,DISTRICT,ELEMENTARY SCHOOL
39.9834180895182,-75.1612778907416,HIGH SCHOOL OF ENGINEERING AND SCIENCE,DISTRICT,MIDDLE/HIGH
40.0665716200306,-75.0524147597251,LOUIS H. FARRELL SCHOOL,DISTRICT,ELEMENTARY/MIDDLE
39.9154511155284,-75.16310735867691,D. NEWLIN FELL SCHOOL,DISTRICT,ELEMENTARY/MIDDLE
40.0356498559299,-75.0917070912305,SAMUEL FELS HIGH SCHOOL,DISTRICT,HIGH SCHOOL
40.0194369997541,-75.1216749993245,FELTONVILLE SCHOOL OF ARTS AND SCIENCES,DISTRICT,MIDDLE SCHOOL
40.020340020324895,-75.1210256402893,FELTONVILLE INTERMEDIATE SCHOOL,DISTRICT,ELEMENTARY SCHOOL
40.0436080000095,-75.1191760006802,THOMAS K. FINLETTER SCHOOL,DISTRICT,ELEMENTARY/MIDDLE
40.026100520364,-75.1663373296687,FITLER ACADEMICS PLUS SCHOOL,DISTRICT,ELEMENTARY/MIDDLE
40.0803060002588,-74.97652900031659,A.L. FITZPATRICK SCHOOL,DISTRICT,ELEMENTARY/MIDDLE
40.0344399997797,-75.0358909997947,EDWIN FORREST SCHOOL,DISTRICT,ELEMENTARY SCHOOL
40.0748566048441,-75.08079432150559,FOX CHASE SCHOOL,DISTRICT,ELEMENTARY SCHOOL
39.9386082230515,-75.1586546170628,CHRISTOPHER COLUMBUS CS (ANNEX),CHARTER,ELEMENTARY SCHOOL
40.0882879999167,-75.0282220001821,ANNE FRANK SCHOOL,DISTRICT,ELEMENTARY SCHOOL
40.021629263581204,-75.085153299292,FRANKFORD HIGH SCHOOL,DISTRICT,HIGH SCHOOL
39.9650489996572,-75.1627529996906,FRANKLIN LEARNING CENTER,DISTRICT,HIGH SCHOOL
39.9635299998603,-75.1616399993992,BENJAMIN FRANKLIN HIGH SCHOOL,DISTRICT,HIGH SCHOOL
40.042448242956205,-75.1042930779703,BENJAMIN FRANKLIN SCHOOL,DISTRICT,ELEMENTARY/MIDDLE
39.9237619995179,-75.1505849997142,FURNESS HIGH SCHOOL,DISTRICT,HIGH SCHOOL
39.98437491988,-75.1807633815337,EDWARD GIDEON SCHOOL,DISTRICT,ELEMENTARY/MIDDLE
39.921831576159796,-75.1829564114473,GIRARD ACADEMIC MUSIC PROGRAM,DISTRICT,MIDDLE/HIGH
39.9245565246392,-75.17681046006491,STEPHEN GIRARD SCHOOL,DISTRICT,ELEMENTARY SCHOOL
40.0387049134426,-75.1452251593178,PHILADELPHIA HIGH SCHOOL FOR GIRLS,DISTRICT,HIGH SCHOOL
39.992554908740395,-75.2381330700406,SAMUEL GOMPERS SCHOOL,DISTRICT,ELEMENTARY/MIDDLE
39.9514322380152,-75.1580562211964,FREIRE CHARTER SCHOOL,CHARTER,MIDDLE SCHOOL
39.9578909273953,-75.1663226360723,PHILADELPHIA PERFORMING ARTS CHARTER SCHOOL,CHARTER,MIDDLE/HIGH
40.0335546772673,-75.17623601067679,CAMELOT THERAPEUTIC DAY SCHOOL,DISTRICT,UNGRADED
39.9401978697975,-75.1619491496587,ACADEMY AT PALUMBO,DISTRICT,HIGH SCHOOL
39.9724860332449,-75.1302790687679,ALEXANDER ADAIRE SCHOOL,DISTRICT,ELEMENTARY/MIDDLE
39.997182351098,-75.183604961272,DR. ETHEL ALLEN SCHOOL,DISTRICT,ELEMENTARY/MIDDLE
40.029845387429,-75.06191672252521,ETHAN ALLEN SCHOOL ,DISTRICT,ELEMENTARY/MIDDLE
39.98536630575121,-75.09728663616809,ALTERNATIVE MIDDLE YEARS AT JAMES MARTIN ,DISTRICT,MIDDLE SCHOOL
40.0310606321734,-75.21278673928721,ACADEMY FOR THE MIDDLE YEARS AT NORTHWEST,DISTRICT,MIDDLE SCHOOL
39.946726000326,-75.24571699986859,ADD B. ANDERSON SCHOOL,DISTRICT,ELEMENTARY/MIDDLE
39.9418644651471,-75.17589862561759,CHESTER A. ARTHUR SCHOOL,DISTRICT,ELEMENTARY/MIDDLE
40.0826490029494,-74.9740810656763,ARTS ACADEMY AT BENJAMIN RUSH,DISTRICT,HIGH SCHOOL
39.9700252874485,-75.17407713125091,BACHE-MARTIN SCHOOL,DISTRICT,ELEMENTARY/MIDDLE
40.0920060281079,-75.0526308449662,BALDI SCHOOL,DISTRICT,MIDDLE SCHOOL
39.964374939761704,-75.2386037605873,JOHN BARRY SCHOOL,DISTRICT,ELEMENTARY/MIDDLE
40.020373609694,-75.1195495940986,CLARA BARTON SCHOOL,DISTRICT,ELEMENTARY SCHOOL
39.9216831254994,-75.2338615779729,JOHN BARTRAM HIGH SCHOOL,DISTRICT,HIGH SCHOOL
40.0036406776715,-75.1481843568952,MARY M. BETHUNE SCHOOL,DISTRICT,ELEMENTARY/MIDDLE
39.985212970125204,-75.18293886988171,JAMES G. BLAINE SCHOOL,DISTRICT,ELEMENTARY/MIDDLE
39.972629098984605,-75.2151434499055,RUDOLPH BLANKENBURG SCHOOL,DISTRICT,ELEMENTARY/MIDDLE
39.968050492237204,-75.1431779114975,WILLIAM W. BODINE HIGH SCHOOL,DISTRICT,HIGH SCHOOL
39.9146989996602,-75.17667400002091,F. AMEDEE BREGY SCHOOL,DISTRICT,ELEMENTARY/MIDDLE
40.000300819612896,-75.06660470962541,BRIDESBURG SCHOOL,DISTRICT,ELEMENTARY/MIDDLE
39.9866174799487,-75.127256740424,HENRY A. BROWN SCHOOL,DISTRICT,ELEMENTARY/MIDDLE
40.0434625873175,-75.02462520159641,JOSEPH H. BROWN SCHOOL,DISTRICT,ELEMENTARY SCHOOL
39.952791181364205,-75.2435629997548,WILLIAM C. BRYANT SCHOOL,DISTRICT,ELEMENTARY/MIDDLE
40.0536310003,-75.1524810003661,BUILDING 21,DISTRICT,HIGH SCHOOL
40.038956999886395,-75.0841420000545,LAURA H. CARNELL SCHOOL,DISTRICT,ELEMENTARY SCHOOL
39.975518740361,-75.2507744306294,LEWIS C. CASSIDY ACADEMICS PLUS SCHOOL,DISTRICT,ELEMENTARY/MIDDLE
39.927435000246,-75.2399109995978,JOSEPH W. CATHARINE SCHOOL,DISTRICT,ELEMENTARY SCHOOL
40.017958178978795,-75.13502076955609,CAYUGA SCHOOL,DISTRICT,ELEMENTARY SCHOOL
40.0372850996777,-75.1507482501065,CENTRAL HIGH SCHOOL,DISTRICT,HIGH SCHOOL
39.9346369997854,-75.1704930003667,GEORGE W. CHILDS SCHOOL,DISTRICT,ELEMENTARY/MIDDLE
40.0068189997667,-75.1297359997178,ROBERTO CLEMENTE SCHOOL,DISTRICT,MIDDLE SCHOOL
39.9405200004362,-75.2162889996761,BENJAMIN B. COMEGYS SCHOOL,DISTRICT,ELEMENTARY/MIDDLE
40.120964859453004,-75.0091087996044,WATSON COMLY SCHOOL,DISTRICT,ELEMENTARY SCHOOL
39.9295920005011,-75.18179300014,DELAPLAINE MCDANIEL SCHOOL,DISTRICT,ELEMENTARY/MIDDLE
39.983051277898205,-75.1412486595634,WILLIAM MCKINLEY SCHOOL,DISTRICT,ELEMENTARY/MIDDLE
39.9785869996672,-75.1647179997526,GENERAL GEORGE G. MEADE SCHOOL,DISTRICT,ELEMENTARY/MIDDLE
40.0456069996094,-75.0442060000583,AUSTIN MEEHAN SCHOOL,DISTRICT,MIDDLE SCHOOL
39.9396621938909,-75.1509983238488,WILLIAM M. MEREDITH SCHOOL,DISTRICT,ELEMENTARY/MIDDLE
40.013529959142794,-75.19160902535991,THOMAS MIFFLIN SCHOOL,DISTRICT,ELEMENTARY/MIDDLE
39.936814270280706,-75.2232910001311,S. WEIR MITCHELL SCHOOL,DISTRICT,ELEMENTARY/MIDDLE
39.9747321049644,-75.1359125504147,JOHN MOFFET SCHOOL,DISTRICT,ELEMENTARY SCHOOL
40.0491350004486,-75.07691200042059,J. HAMPTON MOORE SCHOOL,DISTRICT,ELEMENTARY SCHOOL
39.9754389995936,-75.1786600001118,ROBERT MORRIS SCHOOL,DISTRICT,ELEMENTARY/MIDDLE
40.029500987763704,-75.1295056341895,ANDREW J. MORRISON SCHOOL,DISTRICT,ELEMENTARY/MIDDLE
39.923666228150395,-75.22690402300941,THOMAS G. MORTON SCHOOL,DISTRICT,ELEMENTARY SCHOOL
39.9445319905671,-75.2418442201685,MOTIVATION HIGH SCHOOL,DISTRICT,HIGH SCHOOL
40.00115988457829,-75.13555234034379,HONORABLE LUIS MUNOZ-MARIN SCHOOL,DISTRICT,ELEMENTARY/MIDDLE
39.9644359482415,-75.21581479344141,MIDDLE YEARS ALTERNATIVE SCHOOL,DISTRICT,MIDDLE SCHOOL
39.9366940002475,-75.15383000011141,GEORGE W. NEBINGER SCHOOL,DISTRICT,ELEMENTARY/MIDDLE
40.0556440899136,-75.0711835496196,NORTHEAST HIGH SCHOOL,DISTRICT,HIGH SCHOOL
40.0311012601713,-75.12087263396829,OLNEY SCHOOL,DISTRICT,ELEMENTARY/MIDDLE
39.9741295737773,-75.254482769187,OVERBROOK EDUCATIONAL CENTER,DISTRICT,ELEMENTARY/MIDDLE
39.975254763890796,-75.2036036988725,HIGH SCHOOL OF THE FUTURE,DISTRICT,HIGH SCHOOL
40.071214298362,-75.1751743756385,HILL-FREEDMAN WORLD ACADEMY,DISTRICT,MIDDLE/HIGH
40.0549887736766,-75.0091080508417,THOMAS HOLME SCHOOL,DISTRICT,ELEMENTARY SCHOOL
40.00841312333979,-75.10225689012641,FRANCIS HOPKINSON SCHOOL,DISTRICT,ELEMENTARY/MIDDLE
40.0591252651313,-75.194819995356,HENRY H. HOUSTON SCHOOL,DISTRICT,ELEMENTARY/MIDDLE
40.0413185655449,-75.1422093713412,JULIA W. HOWE SCHOOL,DISTRICT,ELEMENTARY SCHOOL
39.9874083788568,-75.1321278870912,WILLIAM H. HUNTER SCHOOL,DISTRICT,ELEMENTARY/MIDDLE
39.9346230003901,-75.1634809995532,ANDREW JACKSON SCHOOL,DISTRICT,ELEMENTARY/MIDDLE
40.0747980046461,-75.20336828536409,JENKS ACADEMY FOR ARTS AND SCIENCES,DISTRICT,ELEMENTARY/MIDDLE
39.9187729997317,-75.1683669995238,ABRAM S. JENKS SCHOOL,DISTRICT,ELEMENTARY SCHOOL
40.012841219646894,-75.1110292100205,JUNIATA PARK ACADEMY,DISTRICT,ELEMENTARY/MIDDLE
39.9638575296874,-75.1481293493631,GENERAL PHILIP KEARNY SCHOOL,DISTRICT,ELEMENTARY/MIDDLE
39.9803917298931,-75.1803268894624,WILLIAM D. KELLEY SCHOOL,DISTRICT,ELEMENTARY/MIDDLE
40.0251082134133,-75.17242149354979,JOHN B. KELLY SCHOOL,DISTRICT,ELEMENTARY SCHOOL
40.005112619077,-75.1540634698108,KENDERTON ELEMENTARY SCHOOL,DISTRICT,ELEMENTARY/MIDDLE
39.977305713307295,-75.1334062072035,KENSINGTON HIGH SCHOOL FOR CREATIVE AND PERFORMING ARTS,DISTRICT,HIGH SCHOOL
39.9847326185923,-75.1285104225718,KENSINGTON HEALTH SCIENCES ACADEMY,DISTRICT,HIGH SCHOOL
39.9844316050371,-75.12636908375559,KENSINGTON HIGH SCHOOL,DISTRICT,HIGH SCHOOL
39.920883179728705,-75.1605097359252,FRANCIS S. KEY SCHOOL,DISTRICT,ELEMENTARY SCHOOL
40.056462024960496,-75.16167785536359,MARTIN LUTHER KING HIGH SCHOOL,DISTRICT,HIGH SCHOOL
39.9300199997864,-75.1564659995204,ELIZA B. KIRKBRIDE SCHOOL,DISTRICT,ELEMENTARY/MIDDLE
39.982258059580204,-75.24584610932341,OVERBROOK SCHOOL,DISTRICT,ELEMENTARY/MIDDLE
39.9810280001367,-75.2385560002224,OVERBROOK HIGH SCHOOL,DISTRICT,HIGH SCHOOL
39.9630050104016,-75.1592864998634,PARKWAY CENTER CITY MIDDLE COLLEGE HIGH SCHOOL,DISTRICT,HIGH SCHOOL
39.964602642463205,-75.21580855472541,PARKWAY WEST HIGH SCHOOL,DISTRICT,HIGH SCHOOL
40.0564530955096,-75.1651703669058,PARKWAY NORTHWEST HIGH SCHOOL,DISTRICT,HIGH SCHOOL
39.9160950003144,-75.2367619993278,JOHN M. PATTERSON SCHOOL,DISTRICT,ELEMENTARY SCHOOL
39.9986220304899,-75.1683170543481,THOMAS M. PEIRCE SCHOOL,DISTRICT,ELEMENTARY SCHOOL
39.9530989999409,-75.2081869999629,SADIE ALEXANDER SCHOOL,DISTRICT,ELEMENTARY/MIDDLE
39.9727083207381,-75.1271550438141,PENN TREATY HIGH SCHOOL,DISTRICT,MIDDLE/HIGH
40.0433940035014,-75.1507814774704,JOSEPH PENNELL SCHOOL,DISTRICT,ELEMENTARY SCHOOL
40.0652550495601,-75.15894649056241,SAMUEL PENNYPACKER SCHOOL,DISTRICT,ELEMENTARY/MIDDLE
39.9078123231605,-75.2476230902229,PENROSE SCHOOL,DISTRICT,ELEMENTARY/MIDDLE
39.9854080807839,-75.1544359419315,PHILADELPHIA MILITARY ACADEMY,DISTRICT,HIGH SCHOOL
39.961021589463,-75.1626440495439,PHILADELPHIA VIRTUAL ACADEMY,DISTRICT,MIDDLE/HIGH
40.060116000302294,-75.0271300001863,ROBERT B. POLLOCK SCHOOL,DISTRICT,ELEMENTARY SCHOOL
39.997177915513895,-75.1407362876249,POTTER-THOMAS SCHOOL,DISTRICT,ELEMENTARY/MIDDLE
40.0171561242336,-75.0519777524597,TACONY ACADEMY CHARTER SCHOOL (HIGH SCHOOL),CHARTER,HIGH SCHOOL
40.0517474803904,-75.1476796206116,GENERAL LOUIS WAGNER SCHOOL,DISTRICT,MIDDLE SCHOOL
39.9649193905508,-75.1677006005967,LAURA W. WARING SCHOOL,DISTRICT,ELEMENTARY/MIDDLE
40.1061889021234,-75.0264438820433,GEORGE WASHINGTON HIGH SCHOOL,DISTRICT,HIGH SCHOOL
40.0354790003559,-75.1179690005233,"GROVER WASHINGTON, JR. SCHOOL",DISTRICT,MIDDLE SCHOOL
39.9662060001425,-75.2111790003158,MARTHA WASHINGTON SCHOOL,DISTRICT,ELEMENTARY/MIDDLE
39.9962495452552,-75.1046199755251,JOHN H. WEBSTER SCHOOL,DISTRICT,ELEMENTARY SCHOOL
39.986500511555796,-75.1393219482426,JOHN WELSH SCHOOL,DISTRICT,ELEMENTARY/MIDDLE
39.9581100002233,-75.2196540004072,WEST PHILADELPHIA HIGH SCHOOL,DISTRICT,HIGH SCHOOL
40.113832000405395,-75.0056580001061,"MATHEMATICS, SCIENCE, AND TECHNOLOGY COMMUNITY CHARTER SCHOOL (MAST)",CHARTER,ELEMENTARY/MIDDLE/HIGH
39.9861681881833,-75.11288323787271,MEMPHIS STREET ACADEMY CHARTER SCHOOL AT J.P. JONES,CHARTER,MIDDLE SCHOOL
40.0114244169392,-75.1503548576602,MULTICULTURAL ACADEMY CHARTER SCHOOL,CHARTER,HIGH SCHOOL
40.0350700003237,-75.0241869994173,NEW FOUNDATIONS CHARTER SCHOOL,CHARTER,ELEMENTARY/MIDDLE/HIGH
40.0556810001246,-75.07116799946509,NORTHEAST HIGH SCHOOL EOP,DISTRICT,HIGH SCHOOL
40.020359992596,-75.09472677694549,NORTHWOOD ACADEMY CHARTER SCHOOL,CHARTER,ELEMENTARY/MIDDLE
39.9582846090489,-75.14436445680231,OIC CADI,CONTRACTED,HIGH SCHOOL
40.0559490453277,-75.15647125520358,OMBUDSMAN NORTHWEST,CONTRACTED,HIGH SCHOOL
39.9225159098781,-75.2290849297002,ONE BRIGHT RAY - ELMWOOD CAMPUS,CONTRACTED,HIGH SCHOOL
39.9941802907534,-75.1380387298821,ONE BRIGHT RAY - FAIRHILL CAMPUS,CONTRACTED,HIGH SCHOOL
40.005280000429394,-75.10560096025,ONE BRIGHT RAY - SIMPSON CAMPUS,CONTRACTED,HIGH SCHOOL
39.994280609715794,-75.13614882967642,PAN AMERICAN ACADEMY CHARTER SCHOOL,CHARTER,ELEMENTARY/MIDDLE
40.032021000139,-75.01968899987959,PENNYPACK HOUSE SCHOOL,DISTRICT,HIGH SCHOOL
40.095733370402996,-75.0576232526914,JOSEPH GREENBERG SCHOOL,DISTRICT,ELEMENTARY/MIDDLE
39.9522723404091,-75.1773920597576,ALBERT M. GREENFIELD SCHOOL,DISTRICT,ELEMENTARY/MIDDLE
39.981140050871794,-75.1268052651981,HORATIO B. HACKETT SCHOOL,DISTRICT,ELEMENTARY SCHOOL
39.9554380004194,-75.2355430002609,ANDREW HAMILTON SCHOOL,DISTRICT,ELEMENTARY/MIDDLE
40.0673722988134,-74.9891928924951,JOHN HANCOCK DEMONSTRATION SCHOOL,DISTRICT,ELEMENTARY/MIDDLE
40.0129169394876,-75.0745608096168,WARREN G. HARDING SCHOOL,DISTRICT,MIDDLE SCHOOL
39.9473651699919,-75.2305950800223,AVERY D. HARRINGTON SCHOOL,DISTRICT,ELEMENTARY/MIDDLE
39.989245640073904,-75.1449778336078,JOHN F. HARTRANFT SCHOOL,DISTRICT,ELEMENTARY/MIDDLE
40.0462577099047,-75.1965877592889,CHARLES W. HENRY SCHOOL,DISTRICT,ELEMENTARY/MIDDLE
39.9778519995755,-75.22972700036999,EDWARD HESTON SCHOOL,DISTRICT,ELEMENTARY/MIDDLE
39.9754650001837,-75.26632900052671,ROBERT E. LAMBERTON SCHOOL,DISTRICT,ELEMENTARY/MIDDLE
40.0623079436667,-75.2527465374053,LANKENAU HIGH SCHOOL,DISTRICT,HIGH SCHOOL
40.0206480001596,-75.05897600026279,HENRY W. LAWTON SCHOOL,DISTRICT,ELEMENTARY SCHOOL
39.9545149995956,-75.2163470005439,HENRY C. LEA SCHOOL,DISTRICT,ELEMENTARY/MIDDLE
40.0440889970966,-75.0425259084579,ABRAHAM LINCOLN HIGH SCHOOL,DISTRICT,HIGH SCHOOL
40.037084130489,-75.189613639261,ANNA L. LINGELBACH SCHOOL,DISTRICT,ELEMENTARY/MIDDLE
39.9621847968885,-75.2124358341207,ALAIN LOCKE SCHOOL,DISTRICT,ELEMENTARY/MIDDLE
40.1140088382696,-75.0236378955366,WILLIAM H. LOESCHE SCHOOL,DISTRICT,ELEMENTARY SCHOOL
40.0308530602314,-75.1520599505873,JAMES LOGAN SCHOOL,DISTRICT,ELEMENTARY SCHOOL
39.940908229481,-75.2323731601081,WILLIAM C. LONGSTRETH SCHOOL,DISTRICT,ELEMENTARY/MIDDLE
40.0404986265546,-75.1288900618717,JAMES R. LOWELL SCHOOL,DISTRICT,ELEMENTARY SCHOOL
39.9727239996435,-75.14585399985991,JAMES R. LUDLOW SCHOOL,DISTRICT,ELEMENTARY/MIDDLE
40.0146703147194,-75.0874911598763,JOHN MARSHALL SCHOOL,DISTRICT,ELEMENTARY SCHOOL
40.030180161725895,-75.1345624646199,THURGOOD MARSHALL SCHOOL,DISTRICT,ELEMENTARY/MIDDLE
39.9924470150844,-75.1120827629408,JULES E. MASTBAUM AREA VOCATIONAL TECHNICAL HIGH SCHOOL,DISTRICT,HIGH SCHOOL
39.963450899886496,-75.16573278273201,JULIA R. MASTERMAN SCHOOL,DISTRICT,MIDDLE/HIGH
40.0393418782801,-75.0519203814907,MAYFAIR SCHOOL,DISTRICT,ELEMENTARY/MIDDLE
39.944598132546794,-75.152366532041,GENERAL GEORGE A. MCCALL SCHOOL,DISTRICT,ELEMENTARY/MIDDLE
40.015177999505894,-75.1375739994297,ALEXANDER K. MCCLURE SCHOOL,DISTRICT,ELEMENTARY SCHOOL
39.966549632801296,-75.1947652507936,MORTON MCMICHAEL SCHOOL,DISTRICT,ELEMENTARY/MIDDLE
40.0814117201095,-75.1747000232622,JOHN F. MCCLOSKEY SCHOOL,DISTRICT,ELEMENTARY/MIDDLE
39.9694921357831,-75.21057963383271,EXCEL MIDDLE YEARS ACADEMY,CONTRACTED,MIDDLE SCHOOL
40.0071999096149,-75.0824061901107,FIRST PHILADELPHIA PREPARATORY CHARTER SCHOOL,CHARTER,ELEMENTARY/MIDDLE/HIGH
39.9589836872666,-75.1561225600225,FOLK ARTS-CULTURAL TREASURES CHARTER SCHOOL,CHARTER,ELEMENTARY/MIDDLE
39.9629032996421,-75.1593020014646,BEN FRANKLIN HIGH SCHOOL EOP,DISTRICT,HIGH SCHOOL
40.007337000264705,-75.0666110006274,FRANKLIN TOWNE CHARTER HIGH SCHOOL,CHARTER,HIGH SCHOOL
39.995515990391,-75.0747243393158,FRANKLIN TOWNE CHARTER ELEMENTARY SCHOOL,CHARTER,ELEMENTARY/MIDDLE
39.9524728898904,-75.17442258950321,FREIRE CHARTER SCHOOL,CHARTER,MIDDLE/HIGH
39.9533269095201,-75.2268583300137,GLOBAL LEADERSHIP ACADEMY AT HUEY,CHARTER,ELEMENTARY/MIDDLE
39.9628357147828,-75.1666280688128,GATEWAY TO COLLEGE - COMMUNITY COLLEGE OF PHILADELPHIA,CONTRACTED,HIGH SCHOOL
39.9733595298884,-75.2154352004794,GLOBAL LEADERSHIP ACADEMY CHARTER SCHOOL,CHARTER,ELEMENTARY/MIDDLE
40.0430940771111,-75.2339965194264,GREEN WOODS CHARTER SCHOOL,CHARTER,ELEMENTARY/MIDDLE
39.973207434909206,-75.2522655211722,HARAMBEE INSTITUTE OF SCIENCE AND TECHNOLOGY CHARTER SCHOOL,CHARTER,ELEMENTARY/MIDDLE
39.941562000234704,-75.22644699973809,MASTERY CHARTER SCHOOL AT HARDY WILLIAMS,CHARTER,ELEMENTARY/MIDDLE/HIGH
40.0494270004526,-75.1547169995902,IMHOTEP INSTITUTE CHARTER HIGH SCHOOL,CHARTER,HIGH SCHOOL
39.9449388777306,-75.1690056208506,INDEPENDENCE CHARTER SCHOOL,CHARTER,ELEMENTARY/MIDDLE
39.9373572697026,-75.22581476055059,INDEPENDENCE CHARTER SCHOOL WEST,CHARTER,ELEMENTARY SCHOOL
39.974994739212896,-75.2121763121233,INQUIRY CHARTER SCHOOL,CHARTER,ELEMENTARY SCHOOL
40.027482752961,-75.0440367105502,KEYSTONE ACADEMY CHARTER SCHOOL,CHARTER,ELEMENTARY/MIDDLE
39.9798733132881,-75.2212001734954,KIPP DUBOIS CHARTER SCHOOL,CHARTER,HIGH SCHOOL
39.9920380002474,-75.15803900060841,KIPP PHILADELPHIA CHARTER SCHOOL,CHARTER,ELEMENTARY/MIDDLE
39.9445319905671,-75.2418442201685,KIPP WEST PHILADELPHIA CHARTER SCHOOL,CHARTER,MIDDLE SCHOOL
39.9445319905671,-75.2418442201685,KIPP WEST PHILADELPHIA PREPARATORY CHARTER SCHOOL,CHARTER,MIDDLE SCHOOL
39.9638133696049,-75.14384945957501,LABORATORY CHARTER SCHOOL OF COMMUNICATION AND LANGUAGES,CHARTER,ELEMENTARY/MIDDLE
39.9942040000537,-75.1118419996082,LIGUORI ACADEMY-FORTIS,CONTRACTED,HIGH SCHOOL
40.0294118406759,-75.1384436842674,LINDLEY ACADEMY CHARTER @ BIRNEY,CHARTER,ELEMENTARY/MIDDLE
40.005757000077,-75.0941460000905,MARIANA BRACETTI ACADEMY CHARTER SCHOOL,CHARTER,ELEMENTARY/MIDDLE/HIGH
40.0078451714652,-75.068004616039,MARITIME ACADEMY CHARTER SCHOOL (MACHS),CHARTER,ELEMENTARY/MIDDLE/HIGH
40.0173533250449,-75.04461415341999,MAST COMMUNITY CHARTER SCHOOL II,CHARTER,ELEMENTARY SCHOOL
40.010932227551706,-75.1587214712667,MASTERY CHARTER SCHOOL AT CLEVELAND,CHARTER,ELEMENTARY/MIDDLE
39.995794591002294,-75.15064316588659,MASTERY CHARTER SCHOOL AT CLYMER,CHARTER,ELEMENTARY SCHOOL
40.0142103099922,-75.1560932326435,MASTERY CHARTER SCHOOL AT GRATZ,CHARTER,MIDDLE/HIGH
39.9488172192121,-75.2358135510795,MASTERY CHARTER SCHOOL AT HARRITY,CHARTER,ELEMENTARY/MIDDLE
39.9856077131825,-75.2312923026131,MASTERY CHARTER SCHOOL AT MANN,CHARTER,ELEMENTARY SCHOOL
40.0482079997674,-75.1614239994098,MASTERY CHARTER SCHOOL AT PASTORIUS,CHARTER,ELEMENTARY/MIDDLE
40.0321362513943,-75.1807087298016,MASTERY CHARTER SCHOOL AT PICKETT,CHARTER,MIDDLE/HIGH
39.9601485007694,-75.19364119318149,SAMUEL POWEL SCHOOL,DISTRICT,ELEMENTARY SCHOOL
40.0477074202454,-75.1495605206067,PRINCE HALL SCHOOL,DISTRICT,ELEMENTARY SCHOOL
40.00850399955,-75.1796089993787,A. PHILIP RANDOLPH CAREER AND TECHNICAL HIGH SCHOOL,DISTRICT,HIGH SCHOOL
40.05870108489871,-75.05809164367491,RHAWNHURST SCHOOL,DISTRICT,ELEMENTARY SCHOOL
39.967339000173,-75.2200629999175,JAMES RHOADS SCHOOL,DISTRICT,ELEMENTARY/MIDDLE
40.0027559402936,-75.17812978952941,E. WASHINGTON RHODES SCHOOL,DISTRICT,ELEMENTARY/MIDDLE
39.983496000305706,-75.11049099939291,RICHMOND SCHOOL,DISTRICT,ELEMENTARY SCHOOL
39.956971917992,-75.20553688267421,PAUL ROBESON HIGH SCHOOL FOR HUMAN SERVICES,DISTRICT,HIGH SCHOOL
40.0482382288608,-75.17505705050701,THEODORE ROOSEVELT SCHOOL,DISTRICT,ELEMENTARY/MIDDLE
40.058749817373794,-75.1485660747121,WILLIAM ROWEN SCHOOL,DISTRICT,ELEMENTARY SCHOOL
40.037620648688396,-75.22282105185549,ROXBOROUGH HIGH SCHOOL,DISTRICT,HIGH SCHOOL
40.0493725691184,-75.2215169826907,WALTER B. SAUL HIGH SCHOOL,DISTRICT,HIGH SCHOOL
39.957593539991606,-75.2385940503104,WILLIAM L. SAYRE HIGH SCHOOL,DISTRICT,HIGH SCHOOL
39.986210584283704,-75.2423345795802,THE SCIENCE LEADERSHIP ACADEMY AT BEEBER,DISTRICT,MIDDLE/HIGH
39.96122417056171,-75.1626167526329,SCIENCE LEADERSHIP ACADEMY,DISTRICT,HIGH SCHOOL
39.9559095512984,-75.19455964495859,SCIENCE LEADERSHIP ACADEMY MIDDLE SCHOOL,DISTRICT,MIDDLE SCHOOL
39.9188677524905,-75.1508410271532,GEORGE W. SHARSWOOD SCHOOL,DISTRICT,ELEMENTARY/MIDDLE
40.051478000081204,-75.2385430006572,SHAWMONT SCHOOL,DISTRICT,ELEMENTARY/MIDDLE
39.9936510000805,-75.13162999989679,ISAAC A. SHEPPARD SCHOOL,DISTRICT,ELEMENTARY SCHOOL
39.9995819317837,-75.1142247624076,PHILIP H. SHERIDAN SCHOOL,DISTRICT,ELEMENTARY SCHOOL
40.044644000051605,-75.0647249997291,SOLOMON SOLIS-COHEN SCHOOL,DISTRICT,ELEMENTARY SCHOOL
39.9238987005212,-75.16910650068891,SOUTH PHILADELPHIA HIGH SCHOOL,DISTRICT,HIGH SCHOOL
39.9258947201294,-75.1602420630565,SOUTHWARK SCHOOL,DISTRICT,ELEMENTARY/MIDDLE
39.965161549612496,-75.1561404206783,SPRING GARDEN SCHOOL,DISTRICT,ELEMENTARY/MIDDLE
40.037561420090604,-75.0723293598172,GILBERT SPRUANCE SCHOOL,DISTRICT,ELEMENTARY/MIDDLE
39.9405029995584,-75.17101700037891,EDWIN M. STANTON SCHOOL,DISTRICT,ELEMENTARY/MIDDLE
40.011752000034704,-75.0851120000085,ALLEN M. STEARNE SCHOOL,DISTRICT,ELEMENTARY/MIDDLE
40.018795019943106,-75.1568906403195,EDWARD T. STEEL SCHOOL,DISTRICT,ELEMENTARY/MIDDLE
39.9907437096304,-75.1840246403444,STRAWBERRY MANSION HIGH SCHOOL,DISTRICT,HIGH SCHOOL
40.015961998383005,-75.0669073551768,JAMES J. SULLIVAN SCHOOL,DISTRICT,ELEMENTARY SCHOOL
40.092109300028795,-75.0139886292903,SWENSON ARTS AND TECHNOLOGY HIGH SCHOOL,DISTRICT,HIGH SCHOOL
39.917126759721,-75.1548177713478,JOHN H. TAGGART SCHOOL,DISTRICT,ELEMENTARY/MIDDLE
40.007070886922705,-75.1381404267349,BAYARD TAYLOR SCHOOL,DISTRICT,ELEMENTARY SCHOOL
40.0068189997667,-75.1297359997178,THE LINC,DISTRICT,HIGH SCHOOL
39.981982999787704,-75.14625600019629,THE U SCHOOL,DISTRICT,HIGH SCHOOL
39.9553058896276,-75.2185532904991,THE WORKSHOP SCHOOL,DISTRICT,HIGH SCHOOL
39.921391409474396,-75.232358071053,WILLIAM T. TILDEN SCHOOL,DISTRICT,MIDDLE SCHOOL
39.9339414927683,-75.15277225448541,VARE-WASHINGTON SCHOOL,DISTRICT,ELEMENTARY/MIDDLE
39.976324999672705,-75.17418599967671,VAUX HIGH SCHOOL: A BIG PICTURE,DISTRICT,HIGH SCHOOL
39.9681014097758,-75.16067476933041,PEOPLE FOR PEOPLE CHARTER SCHOOL,CHARTER,ELEMENTARY/MIDDLE/HIGH
39.9613656502929,-75.2157262402775,PHILADELPHIA JUVENILE JUSTICE SERVICES CENTER SCHOOL,DISTRICT,MIDDLE/HIGH
40.015045286123204,-75.1262885746348,PHILADELPHIA LEARNING ACADEMY NORTH,DISTRICT,HIGH SCHOOL
39.969457749436295,-75.2104489222594,PHILADELPHIA LEARNING ACADEMY SOUTH,DISTRICT,HIGH SCHOOL
40.015203576226504,-75.1263642700001,PLA NORTH - HUNTING PARK EOP,DISTRICT,HIGH SCHOOL
39.9695317339484,-75.2104630526842,PHILADELPHIA LEANING ACADEMY SOUTH EOP,DISTRICT,HIGH SCHOOL
39.917825753986,-75.1715085546065,PHILADELPHIA PERFORMING ARTS: A STRING THEORY CHARTER SCHOOL,CHARTER,ELEMENTARY SCHOOL
40.1023905842757,-75.0107192399688,PHILADELPHIA ACADEMY CHARTER SCHOOL,CHARTER,ELEMENTARY/MIDDLE
40.0248040558452,-75.0865964137304,THE PHILADELPHIA CHARTER SCHOOL FOR ARTS AND SCIENCES,CHARTER,ELEMENTARY/MIDDLE
39.9506078902696,-75.1651108195508,PHILADELPHIA ELECTRICAL AND TECHNOLOGY CHARTER SCHOOL,CHARTER,HIGH SCHOOL
39.9165643695892,-75.2451532706774,PHILADELPHIA MONTESSORI CHARTER SCHOOL,CHARTER,ELEMENTARY SCHOOL
39.972966000493,-75.15872099941821,PHILADELPHIA OIC WORKFORCE ACADEMY,CONTRACTED,HIGH SCHOOL
39.9284535503733,-75.186656859591,"PREPARATORY CHARTER SCHOOL OF MATHEMATICS, SCIENCE, TECHNOLOGY AND CAREERS",CHARTER,HIGH SCHOOL
39.961021589463,-75.1626440495439,RE-ENGAGEMENT CENTER,DISTRICT,HIGH SCHOOL
39.9283012471819,-75.21864801323599,RICHARD ALLEN PREPARATORY CHARTER SCHOOL,CHARTER,MIDDLE SCHOOL
39.955949219512206,-75.17155063941871,RUSSELL BYERS CHARTER SCHOOL,CHARTER,ELEMENTARY/MIDDLE
39.9870820002733,-75.1286410006265,SANKOFA FREEDOM ACADEMY CHARTER SCHOOL,CHARTER,ELEMENTARY/MIDDLE/HIGH
39.9238987005212,-75.16910650068891,SOUTH PHILADELPHIA HIGH SCHOOL EOP,DISTRICT,HIGH SCHOOL
39.918098999539396,-75.24260000007651,SOUTHWEST LEADERSHIP ACADEMY CHARTER SCHOOL,CHARTER,ELEMENTARY/MIDDLE
40.0668422196512,-75.0659835301482,TACONY ACADEMY CHARTER SCHOOL,CHARTER,ELEMENTARY/MIDDLE/HIGH
39.986869000552,-75.1556690000409,TECH FREIRE CHARTER SCHOOL,CHARTER,HIGH SCHOOL
39.9351772246149,-75.197671839423,UNIVERSAL CHARTER SCHOOL AT ALCORN,CHARTER,ELEMENTARY/MIDDLE
39.933736999621296,-75.1985900006054,UNIVERSAL CHARTER SCHOOL AT AUDENRIED,CHARTER,HIGH SCHOOL
39.9737390002601,-75.2360200003693,UNIVERSAL CHARTER SCHOOL AT BLUFORD,CHARTER,ELEMENTARY SCHOOL
39.9653360307318,-75.23283328743541,UNIVERSAL CHARTER SCHOOL AT DAROFF,CHARTER,ELEMENTARY/MIDDLE
40.0343720781628,-75.10517219295659,UNIVERSAL CHARTER SCHOOL AT CREIGHTON,CHARTER,ELEMENTARY/MIDDLE
39.9408997340373,-75.16769048137179,UNIVERSAL INSTITUTE CHARTER SCHOOL,CHARTER,ELEMENTARY/MIDDLE
39.9258369996165,-75.1857069997691,UNIVERSAL CHARTER SCHOOL AT VARE,CHARTER,MIDDLE SCHOOL
40.0595120027579,-75.1634134086327,WEST OAK LANE CHARTER SCHOOL,CHARTER,ELEMENTARY/MIDDLE
39.9706669997453,-75.2541110000342,WEST PHILADELPHIA ACHIEVEMENT CHARTER SCHOOL,CHARTER,ELEMENTARY SCHOOL
40.015632888510495,-75.1725947322583,WISSAHICKON CHARTER SCHOOL,CHARTER,ELEMENTARY/MIDDLE
39.9944187396555,-75.15407588383509,YES PHILLY,CONTRACTED,HIGH SCHOOL
39.9676992367932,-75.1481782936474,YOUNG SCHOLARS CHARTER SCHOOL,CHARTER,MIDDLE SCHOOL
39.9729064903214,-75.15863286979659,YOUTHBUILD PHILADELPHIA CHARTER SCHOOL,CHARTER,HIGH SCHOOL
40.0367059998385,-75.1465980005368,WIDENER MEMORIAL SCHOOL,DISTRICT,ELEMENTARY/MIDDLE/HIGH
39.993064999902295,-75.1159069996727,FRANCES E. WILLARD SCHOOL,DISTRICT,ELEMENTARY SCHOOL
40.052367000051,-75.06908599949391,WOODROW WILSON SCHOOL,DISTRICT,MIDDLE SCHOOL
39.9902712210442,-75.17749652266241,RICHARD R. WRIGHT SCHOOL,DISTRICT,ELEMENTARY SCHOOL
40.030112192688996,-75.0753711743273,WILLIAM H. ZIEGLER SCHOOL,DISTRICT,ELEMENTARY/MIDDLE
39.9842960004937,-75.24785999992609,AD PRIMA CHARTER SCHOOL,CHARTER,ELEMENTARY/MIDDLE
39.9797945941307,-75.1654522632145,ALLIANCE FOR PROGRESS CHARTER SCHOOL,CHARTER,ELEMENTARY/MIDDLE
40.0131215386459,-75.13085307587141,ANTONIA PANTOJA CHARTER SCHOOL,CHARTER,ELEMENTARY/MIDDLE
39.948891999853295,-75.1522490007144,ARCHITECTURE AND DESIGN CHARTER SCHOOL,CHARTER,HIGH SCHOOL
39.9987298917836,-75.1256444420555,ASPIRA CHARTER SCHOOL AT STETSON,CHARTER,MIDDLE SCHOOL
40.028771999608004,-75.1238079996346,ASPIRA CHARTER SCHOOL AT OLNEY,CHARTER,HIGH SCHOOL
39.966964840481296,-75.2048709297786,BELMONT CHARTER SCHOOL,CHARTER,ELEMENTARY/MIDDLE
39.9517255800874,-75.2337485096097,BOYS LATIN OF PHILADELPHIA CHARTER SCHOOL,CHARTER,MIDDLE/HIGH
39.9781339996112,-75.17765799945009,CAMELOT ACADEMY,CONTRACTED,MIDDLE/HIGH
40.0152398523788,-75.126608154384,CAMELOT ACADEMY EAST,CONTRACTED,MIDDLE/HIGH
39.9388824975157,-75.158411634008,CHRISTOPHER COLUMBUS CHARTER SCHOOL,CHARTER,ELEMENTARY/MIDDLE
40.004662849384296,-75.1066906108873,COMMUNITY ACADEMY OF PHILADELPHIA CHARTER SCHOOL,CHARTER,ELEMENTARY/MIDDLE/HIGH
40.014578926312794,-75.1260895594674,CROSSROADS AT HUNTING PARK,DISTRICT,ELEMENTARY SCHOOL
39.9694040511869,-75.21052314046791,CROSSROADS ACCELERATED ACADEMY,DISTRICT,MIDDLE SCHOOL
40.0466708333372,-75.1219290034388,EUGENIO MARIA DE HOSTOS CHARTER SCHOOL,CHARTER,ELEMENTARY/MIDDLE
39.9773479800017,-75.2140545615316,DISCOVERY CHARTER SCHOOL,CHARTER,ELEMENTARY/MIDDLE
39.9845943708891,-75.1695746497401,MASTERY CHARTER SCHOOL AT DOUGLASS,CHARTER,ELEMENTARY/MIDDLE
40.0118087789564,-75.09093921207099,EL CENTRO DE ESTUDIANTES (BIG PICTURE),CONTRACTED,HIGH SCHOOL
40.0149395009862,-75.13265046548,ESPERANZA ACADEMY CHARTER SCHOOL,CHARTER,ELEMENTARY/MIDDLE/HIGH
39.9781339996112,-75.17765799945009,EXCEL ACADEMY NORTH,CONTRACTED,HIGH SCHOOL
40.0260814303115,-75.1025194403922,EXCEL ACADEMY SOUTH,CONTRACTED,HIGH SCHOOL
40.01978599996121,-75.0738919997681,MASTERY CHARTER SCHOOL AT SMEDLEY,CHARTER,ELEMENTARY SCHOOL
40.0332039453118,-75.1667263269867,MASTERY CHARTER SCHOOL AT WISTER,CHARTER,ELEMENTARY SCHOOL
39.94952698141171,-75.14701419190821,MASTERY CHARTER SCHOOL AT LENFEST,CHARTER,MIDDLE/HIGH
39.9757989997203,-75.2284370007218,MASTERY CHARTER SCHOOL AT SHOEMAKER,CHARTER,MIDDLE/HIGH
39.9146709594964,-75.16364675133929,MASTERY CHARTER SCHOOL AT THOMAS CAMPUS,CHARTER,ELEMENTARY/MIDDLE/HIGH
39.9611519963734,-75.1609555297349,"MATH, CIVICS AND SCIENCES CHARTER SCHOOL",CHARTER,ELEMENTARY/MIDDLE/HIGH
39.9901626275161,-75.1840666905311,ONE BRIGHT RAY MANSION,CONTRACTED,HIGH SCHOOL
39.9901588960822,-75.18398391217609,ONE BRIGHT RAY MANSION EVENING,CONTRACTED,HIGH SCHOOL
39.9978241322615,-75.1015600584926,DEEP ROOTS CHARTER SCHOOL,CHARTER,ELEMENTARY SCHOOL
40.0136391676965,-75.15609365037491,MASTERY PREP ELEMENTARY CHARTER SCHOOL,CHARTER,ELEMENTARY SCHOOL
39.979860834837396,-75.2212022880132,KIPP WEST PHILADELPHIA CHARTER SCHOOL,CHARTER,ELEMENTARY SCHOOL
39.9920380002474,-75.15803900060841,KIPP NORTH PHILADELPHIA CHARTER SCHOOL,CHARTER,ELEMENTARY SCHOOL
40.1095825198707,-74.9916731583083,MAST III CHARTER SCHOOL,CHARTER,ELEMENTARY SCHOOL
40.012035034305896,-75.1833101324273,PHILADELPHIA HEBREW CHARTER,CHARTER,ELEMENTARY SCHOOL
39.9202573448979,-75.1702381154842,PHILADELPHIA PERFORMING ARTS CHARTER: STRING THEORY (E. CAMPUS),CHARTER,ELEMENTARY SCHOOL
